[{"photo": 367488, "product": 1}, {"photo": 82783, "product": 2}, {"photo": 82784, "product": 2}, {"photo": 367676, "product": 3}, {"photo": 367392, "product": 4}, {"photo": 108543, "product": 5}, {"photo": 308858, "product": 6}, {"photo": 20668, "product": 7}, {"photo": 367502, "product": 8}, {"photo": 146113, "product": 9}, {"photo": 367430, "product": 10}, {"photo": 367437, "product": 10}, {"photo": 34863, "product": 11}, {"photo": 34864, "product": 11}, {"photo": 367520, "product": 12}, {"photo": 367530, "product": 13}, {"photo": 169960, "product": 14}, {"photo": 336019, "product": 15}, {"photo": 123298, "product": 16}, {"photo": 125941, "product": 17}, {"photo": 398675, "product": 18}, {"photo": 398678, "product": 18}, {"photo": 315707, "product": 19}, {"photo": 398845, "product": 20}, {"photo": 170861, "product": 21}, {"photo": 313845, "product": 22}, {"photo": 367342, "product": 23}, {"photo": 125659, "product": 24}, {"photo": 261617, "product": 25}, {"photo": 260901, "product": 26}, {"photo": 212624, "product": 27}, {"photo": 367205, "product": 28}, {"photo": 398542, "product": 29}, {"photo": 122134, "product": 30}, {"photo": 122136, "product": 30}, {"photo": 125925, "product": 31}, {"photo": 367494, "product": 32}, {"photo": 62765, "product": 33}, {"photo": 62766, "product": 33}, {"photo": 62767, "product": 33}, {"photo": 367394, "product": 34}, {"photo": 397950, "product": 35}, {"photo": 367434, "product": 36}, {"photo": 212340, "product": 37}, {"photo": 398287, "product": 38}, {"photo": 398288, "product": 38}, {"photo": 161797, "product": 39}, {"photo": 172848, "product": 40}, {"photo": 172847, "product": 40}, {"photo": 66602, "product": 41}, {"photo": 367666, "product": 42}, {"photo": 72673, "product": 43}, {"photo": 72674, "product": 43}, {"photo": 72675, "product": 43}, {"photo": 72676, "product": 43}, {"photo": 91430, "product": 44}, {"photo": 367592, "product": 45}, {"photo": 124781, "product": 46}, {"photo": 81057, "product": 47}, {"photo": 81058, "product": 47}, {"photo": 170168, "product": 48}, {"photo": 367602, "product": 49}, {"photo": 367631, "product": 50}, {"photo": 367295, "product": 51}, {"photo": 173730, "product": 52}, {"photo": 367480, "product": 53}, {"photo": 335638, "product": 54}, {"photo": 367498, "product": 55}, {"photo": 335939, "product": 56}, {"photo": 66115, "product": 57}, {"photo": 367608, "product": 58}, {"photo": 367112, "product": 59}, {"photo": 367111, "product": 59}, {"photo": 145259, "product": 60}, {"photo": 411685, "product": 61}, {"photo": 411684, "product": 61}, {"photo": 69958, "product": 62}, {"photo": 69959, "product": 62}, {"photo": 69960, "product": 62}, {"photo": 69962, "product": 62}, {"photo": 398617, "product": 63}, {"photo": 75314, "product": 64}, {"photo": 75315, "product": 64}, {"photo": 75316, "product": 64}, {"photo": 261494, "product": 65}, {"photo": 252274, "product": 66}, {"photo": 252275, "product": 66}, {"photo": 54975, "product": 67}, {"photo": 54977, "product": 67}, {"photo": 54979, "product": 67}, {"photo": 54981, "product": 67}, {"photo": 261618, "product": 68}, {"photo": 73465, "product": 69}, {"photo": 73466, "product": 69}, {"photo": 73467, "product": 69}, {"photo": 367555, "product": 70}, {"photo": 367495, "product": 71}, {"photo": 300851, "product": 72}, {"photo": 300850, "product": 72}, {"photo": 144158, "product": 73}, {"photo": 261556, "product": 74}, {"photo": 146158, "product": 75}, {"photo": 169943, "product": 76}, {"photo": 260932, "product": 77}, {"photo": 172746, "product": 78}, {"photo": 172745, "product": 78}, {"photo": 172744, "product": 78}, {"photo": 172747, "product": 78}, {"photo": 367472, "product": 79}, {"photo": 367388, "product": 80}, {"photo": 77186, "product": 81}, {"photo": 77187, "product": 81}, {"photo": 308847, "product": 82}, {"photo": 367485, "product": 83}, {"photo": 33221, "product": 84}, {"photo": 33223, "product": 84}, {"photo": 168924, "product": 85}, {"photo": 124743, "product": 86}, {"photo": 169204, "product": 87}, {"photo": 367356, "product": 88}, {"photo": 410135, "product": 89}, {"photo": 410137, "product": 89}, {"photo": 367509, "product": 90}, {"photo": 252233, "product": 91}, {"photo": 261723, "product": 92}, {"photo": 170673, "product": 93}, {"photo": 170808, "product": 94}, {"photo": 367489, "product": 95}, {"photo": 116340, "product": 96}, {"photo": 20573, "product": 97}, {"photo": 367378, "product": 98}, {"photo": 367345, "product": 99}, {"photo": 367346, "product": 99}, {"photo": 261197, "product": 100}, {"photo": 145922, "product": 101}, {"photo": 367776, "product": 102}, {"photo": 367777, "product": 102}, {"photo": 350430, "product": 103}, {"photo": 145009, "product": 104}, {"photo": 412371, "product": 105}, {"photo": 261418, "product": 106}, {"photo": 261893, "product": 107}, {"photo": 367406, "product": 108}, {"photo": 410695, "product": 109}, {"photo": 315970, "product": 110}, {"photo": 349383, "product": 111}, {"photo": 169249, "product": 111}, {"photo": 52393, "product": 112}, {"photo": 52394, "product": 112}, {"photo": 52395, "product": 112}, {"photo": 65764, "product": 113}, {"photo": 65765, "product": 113}, {"photo": 211457, "product": 114}, {"photo": 367279, "product": 115}, {"photo": 367285, "product": 116}, {"photo": 367284, "product": 116}, {"photo": 126747, "product": 117}, {"photo": 262107, "product": 118}, {"photo": 398775, "product": 119}, {"photo": 367046, "product": 120}, {"photo": 314934, "product": 121}, {"photo": 211315, "product": 122}, {"photo": 252416, "product": 123}, {"photo": 65800, "product": 124}, {"photo": 398705, "product": 125}, {"photo": 28641, "product": 126}, {"photo": 28643, "product": 126}, {"photo": 261560, "product": 127}, {"photo": 261565, "product": 127}, {"photo": 261351, "product": 128}, {"photo": 252304, "product": 129}, {"photo": 419265, "product": 130}, {"photo": 419264, "product": 130}, {"photo": 124477, "product": 131}, {"photo": 398863, "product": 132}, {"photo": 367426, "product": 133}, {"photo": 170566, "product": 134}, {"photo": 367288, "product": 135}, {"photo": 93369, "product": 136}, {"photo": 367457, "product": 137}, {"photo": 367459, "product": 137}, {"photo": 170381, "product": 138}, {"photo": 75393, "product": 139}, {"photo": 75394, "product": 139}, {"photo": 75395, "product": 139}, {"photo": 367539, "product": 140}, {"photo": 116305, "product": 141}, {"photo": 122229, "product": 142}, {"photo": 336622, "product": 143}, {"photo": 398416, "product": 144}, {"photo": 398404, "product": 145}, {"photo": 367656, "product": 146}, {"photo": 367657, "product": 146}, {"photo": 50836, "product": 147}, {"photo": 50837, "product": 147}, {"photo": 50838, "product": 147}, {"photo": 410310, "product": 148}, {"photo": 411746, "product": 149}, {"photo": 113178, "product": 150}, {"photo": 367065, "product": 151}, {"photo": 367798, "product": 152}, {"photo": 367797, "product": 152}, {"photo": 367527, "product": 153}, {"photo": 367526, "product": 153}, {"photo": 313748, "product": 154}, {"photo": 313747, "product": 154}, {"photo": 398714, "product": 155}, {"photo": 398715, "product": 155}, {"photo": 367385, "product": 156}, {"photo": 168541, "product": 157}, {"photo": 398825, "product": 158}, {"photo": 367407, "product": 159}, {"photo": 170982, "product": 160}, {"photo": 367577, "product": 161}, {"photo": 65793, "product": 162}, {"photo": 65794, "product": 162}, {"photo": 367900, "product": 163}, {"photo": 145941, "product": 164}, {"photo": 122357, "product": 165}, {"photo": 122358, "product": 165}, {"photo": 367468, "product": 166}, {"photo": 313667, "product": 167}, {"photo": 335525, "product": 168}, {"photo": 114173, "product": 169}, {"photo": 169565, "product": 170}, {"photo": 169005, "product": 171}, {"photo": 212126, "product": 172}, {"photo": 172007, "product": 173}, {"photo": 126535, "product": 174}, {"photo": 419058, "product": 175}, {"photo": 398302, "product": 176}, {"photo": 261798, "product": 177}, {"photo": 76301, "product": 178}, {"photo": 76302, "product": 178}, {"photo": 76303, "product": 178}, {"photo": 169892, "product": 179}, {"photo": 85718, "product": 180}, {"photo": 85719, "product": 180}, {"photo": 367441, "product": 181}, {"photo": 398853, "product": 182}, {"photo": 367412, "product": 183}, {"photo": 398343, "product": 184}, {"photo": 170048, "product": 185}, {"photo": 84513, "product": 186}, {"photo": 84514, "product": 186}, {"photo": 367542, "product": 187}, {"photo": 367473, "product": 188}, {"photo": 367597, "product": 189}, {"photo": 261465, "product": 190}, {"photo": 415508, "product": 191}, {"photo": 412550, "product": 192}, {"photo": 409996, "product": 193}, {"photo": 261855, "product": 194}, {"photo": 367558, "product": 195}, {"photo": 367636, "product": 196}, {"photo": 398554, "product": 197}, {"photo": 367116, "product": 198}, {"photo": 397935, "product": 199}, {"photo": 125891, "product": 200}, {"photo": 145810, "product": 201}, {"photo": 173177, "product": 202}, {"photo": 261952, "product": 203}, {"photo": 173184, "product": 204}, {"photo": 173182, "product": 204}, {"photo": 173183, "product": 204}, {"photo": 262669, "product": 205}, {"photo": 262668, "product": 205}, {"photo": 73178, "product": 206}, {"photo": 73179, "product": 206}, {"photo": 73180, "product": 206}, {"photo": 169776, "product": 207}, {"photo": 170271, "product": 208}, {"photo": 367329, "product": 209}, {"photo": 261308, "product": 210}, {"photo": 261310, "product": 210}, {"photo": 124044, "product": 211}, {"photo": 316134, "product": 212}, {"photo": 316137, "product": 212}, {"photo": 59680, "product": 213}, {"photo": 59681, "product": 213}, {"photo": 97519, "product": 213}, {"photo": 367483, "product": 214}, {"photo": 39362, "product": 215}, {"photo": 39363, "product": 215}, {"photo": 39364, "product": 215}, {"photo": 34757, "product": 216}, {"photo": 34758, "product": 216}, {"photo": 34759, "product": 216}, {"photo": 146061, "product": 217}, {"photo": 146060, "product": 217}, {"photo": 419399, "product": 218}, {"photo": 367317, "product": 219}, {"photo": 66688, "product": 220}, {"photo": 66689, "product": 220}, {"photo": 66690, "product": 220}, {"photo": 97446, "product": 220}, {"photo": 97447, "product": 220}, {"photo": 97448, "product": 220}, {"photo": 367531, "product": 221}, {"photo": 367534, "product": 221}, {"photo": 252395, "product": 222}, {"photo": 367627, "product": 223}, {"photo": 411332, "product": 224}, {"photo": 170466, "product": 225}, {"photo": 101332, "product": 226}, {"photo": 261353, "product": 227}, {"photo": 261354, "product": 227}, {"photo": 421566, "product": 228}, {"photo": 364937, "product": 229}, {"photo": 101339, "product": 230}, {"photo": 101338, "product": 230}, {"photo": 367595, "product": 231}, {"photo": 81173, "product": 232}, {"photo": 81174, "product": 232}, {"photo": 145125, "product": 233}, {"photo": 115577, "product": 234}, {"photo": 171137, "product": 235}, {"photo": 126969, "product": 236}, {"photo": 367846, "product": 237}, {"photo": 367456, "product": 238}, {"photo": 336441, "product": 239}, {"photo": 336440, "product": 239}, {"photo": 260824, "product": 240}, {"photo": 169955, "product": 241}, {"photo": 211886, "product": 242}, {"photo": 88392, "product": 243}, {"photo": 308813, "product": 244}, {"photo": 71619, "product": 245}, {"photo": 71620, "product": 245}, {"photo": 71621, "product": 245}, {"photo": 71622, "product": 245}, {"photo": 262240, "product": 246}, {"photo": 423628, "product": 247}, {"photo": 314978, "product": 248}, {"photo": 326307, "product": 249}, {"photo": 169223, "product": 250}, {"photo": 170270, "product": 251}, {"photo": 410244, "product": 252}, {"photo": 331130, "product": 253}, {"photo": 171615, "product": 254}, {"photo": 171616, "product": 254}, {"photo": 367332, "product": 255}, {"photo": 361248, "product": 256}, {"photo": 261382, "product": 257}, {"photo": 122185, "product": 258}, {"photo": 367238, "product": 259}, {"photo": 367619, "product": 260}, {"photo": 367363, "product": 261}, {"photo": 367361, "product": 261}, {"photo": 301928, "product": 262}, {"photo": 139285, "product": 263}, {"photo": 367633, "product": 264}, {"photo": 146081, "product": 265}, {"photo": 419826, "product": 266}, {"photo": 144377, "product": 267}, {"photo": 144370, "product": 267}, {"photo": 168681, "product": 268}, {"photo": 367390, "product": 269}, {"photo": 398174, "product": 270}, {"photo": 367297, "product": 271}, {"photo": 411357, "product": 272}, {"photo": 123912, "product": 273}, {"photo": 367270, "product": 274}, {"photo": 84372, "product": 275}, {"photo": 84373, "product": 275}, {"photo": 170951, "product": 276}, {"photo": 170952, "product": 276}, {"photo": 315530, "product": 277}, {"photo": 169719, "product": 278}, {"photo": 367338, "product": 279}, {"photo": 367340, "product": 279}, {"photo": 367223, "product": 280}, {"photo": 367475, "product": 281}, {"photo": 367206, "product": 282}, {"photo": 367294, "product": 283}, {"photo": 161821, "product": 284}, {"photo": 145893, "product": 285}, {"photo": 145894, "product": 285}, {"photo": 314674, "product": 286}, {"photo": 367221, "product": 287}, {"photo": 367196, "product": 288}, {"photo": 367194, "product": 288}, {"photo": 410734, "product": 289}, {"photo": 261861, "product": 290}, {"photo": 364684, "product": 291}, {"photo": 169905, "product": 292}, {"photo": 367543, "product": 293}, {"photo": 139869, "product": 294}, {"photo": 367477, "product": 295}, {"photo": 411561, "product": 296}, {"photo": 397884, "product": 297}, {"photo": 397886, "product": 297}, {"photo": 367333, "product": 298}, {"photo": 367501, "product": 299}, {"photo": 412168, "product": 300}, {"photo": 262182, "product": 301}, {"photo": 367817, "product": 302}, {"photo": 173461, "product": 303}, {"photo": 350777, "product": 304}, {"photo": 398682, "product": 305}, {"photo": 367396, "product": 306}, {"photo": 419075, "product": 307}, {"photo": 261600, "product": 308}, {"photo": 100916, "product": 309}, {"photo": 144385, "product": 310}, {"photo": 308879, "product": 311}, {"photo": 261247, "product": 312}, {"photo": 398300, "product": 313}, {"photo": 398301, "product": 313}, {"photo": 367354, "product": 314}, {"photo": 367561, "product": 315}, {"photo": 367560, "product": 315}, {"photo": 173538, "product": 316}, {"photo": 173537, "product": 316}, {"photo": 173539, "product": 316}, {"photo": 173535, "product": 316}, {"photo": 312598, "product": 317}, {"photo": 410948, "product": 318}, {"photo": 367544, "product": 319}, {"photo": 313575, "product": 320}, {"photo": 261659, "product": 321}, {"photo": 260944, "product": 322}, {"photo": 146313, "product": 323}, {"photo": 367373, "product": 324}, {"photo": 367511, "product": 325}, {"photo": 349330, "product": 326}, {"photo": 113312, "product": 327}, {"photo": 170239, "product": 328}, {"photo": 170242, "product": 328}, {"photo": 170240, "product": 328}, {"photo": 170237, "product": 328}, {"photo": 367268, "product": 329}, {"photo": 91377, "product": 330}, {"photo": 251991, "product": 331}, {"photo": 28602, "product": 332}, {"photo": 28603, "product": 332}, {"photo": 87363, "product": 333}, {"photo": 87364, "product": 333}, {"photo": 398871, "product": 334}, {"photo": 260730, "product": 335}, {"photo": 261729, "product": 336}, {"photo": 93375, "product": 337}, {"photo": 261936, "product": 338}, {"photo": 350263, "product": 339}, {"photo": 350262, "product": 339}, {"photo": 419845, "product": 340}, {"photo": 367693, "product": 341}, {"photo": 367352, "product": 342}, {"photo": 262533, "product": 343}, {"photo": 367450, "product": 344}, {"photo": 367922, "product": 345}, {"photo": 261602, "product": 346}, {"photo": 169244, "product": 347}, {"photo": 262704, "product": 348}, {"photo": 336750, "product": 349}, {"photo": 398522, "product": 350}, {"photo": 91279, "product": 351}, {"photo": 367733, "product": 352}, {"photo": 123932, "product": 353}, {"photo": 92548, "product": 354}, {"photo": 367580, "product": 355}, {"photo": 65479, "product": 356}, {"photo": 367310, "product": 357}, {"photo": 252527, "product": 358}, {"photo": 423619, "product": 359}, {"photo": 91661, "product": 360}, {"photo": 42282, "product": 361}, {"photo": 42283, "product": 361}, {"photo": 367114, "product": 362}, {"photo": 367496, "product": 363}, {"photo": 335930, "product": 364}, {"photo": 326101, "product": 365}, {"photo": 367276, "product": 366}, {"photo": 170869, "product": 367}, {"photo": 313842, "product": 368}, {"photo": 252410, "product": 369}, {"photo": 367084, "product": 370}, {"photo": 124982, "product": 371}, {"photo": 410908, "product": 372}, {"photo": 410907, "product": 372}, {"photo": 66057, "product": 373}, {"photo": 146004, "product": 374}, {"photo": 361694, "product": 375}, {"photo": 145798, "product": 376}, {"photo": 145797, "product": 376}, {"photo": 418929, "product": 377}, {"photo": 367466, "product": 378}, {"photo": 367741, "product": 379}, {"photo": 314166, "product": 380}, {"photo": 262150, "product": 381}, {"photo": 170631, "product": 382}, {"photo": 170630, "product": 382}, {"photo": 412387, "product": 383}, {"photo": 168229, "product": 384}, {"photo": 398303, "product": 385}, {"photo": 48825, "product": 386}, {"photo": 48826, "product": 386}, {"photo": 48827, "product": 386}, {"photo": 99966, "product": 387}, {"photo": 99967, "product": 387}, {"photo": 125239, "product": 388}, {"photo": 125238, "product": 388}, {"photo": 261577, "product": 389}, {"photo": 261863, "product": 390}, {"photo": 367358, "product": 391}, {"photo": 412445, "product": 392}, {"photo": 170512, "product": 393}, {"photo": 367506, "product": 394}, {"photo": 367507, "product": 395}, {"photo": 367269, "product": 396}, {"photo": 398539, "product": 397}, {"photo": 66493, "product": 398}, {"photo": 66495, "product": 398}, {"photo": 397859, "product": 399}, {"photo": 168905, "product": 400}, {"photo": 173610, "product": 401}, {"photo": 173611, "product": 401}, {"photo": 138638, "product": 402}, {"photo": 261313, "product": 403}, {"photo": 301110, "product": 404}, {"photo": 367687, "product": 405}, {"photo": 367690, "product": 405}, {"photo": 367095, "product": 406}, {"photo": 168489, "product": 407}, {"photo": 308853, "product": 408}, {"photo": 74813, "product": 409}, {"photo": 74814, "product": 409}, {"photo": 74815, "product": 409}, {"photo": 74816, "product": 409}, {"photo": 97548, "product": 409}, {"photo": 97549, "product": 409}, {"photo": 144393, "product": 410}, {"photo": 367398, "product": 411}, {"photo": 367351, "product": 412}, {"photo": 367350, "product": 412}, {"photo": 124038, "product": 413}, {"photo": 124039, "product": 413}, {"photo": 367749, "product": 414}, {"photo": 169729, "product": 415}, {"photo": 169728, "product": 415}, {"photo": 169730, "product": 415}, {"photo": 168539, "product": 416}, {"photo": 168540, "product": 416}, {"photo": 421450, "product": 417}, {"photo": 350138, "product": 418}, {"photo": 367201, "product": 419}, {"photo": 336246, "product": 420}, {"photo": 336245, "product": 420}, {"photo": 211358, "product": 421}, {"photo": 168186, "product": 422}, {"photo": 317852, "product": 423}, {"photo": 367433, "product": 424}, {"photo": 97610, "product": 425}, {"photo": 97611, "product": 425}, {"photo": 97612, "product": 425}, {"photo": 170201, "product": 426}, {"photo": 367399, "product": 427}, {"photo": 410923, "product": 428}, {"photo": 350354, "product": 429}, {"photo": 165069, "product": 430}, {"photo": 310004, "product": 431}, {"photo": 145403, "product": 432}, {"photo": 168663, "product": 433}, {"photo": 146232, "product": 434}, {"photo": 367517, "product": 435}, {"photo": 169113, "product": 436}, {"photo": 169110, "product": 436}, {"photo": 367554, "product": 437}, {"photo": 50549, "product": 438}, {"photo": 50550, "product": 438}, {"photo": 97330, "product": 438}, {"photo": 169373, "product": 439}, {"photo": 411602, "product": 440}, {"photo": 101000, "product": 441}, {"photo": 101001, "product": 441}, {"photo": 101006, "product": 441}, {"photo": 411804, "product": 442}, {"photo": 262832, "product": 443}, {"photo": 262830, "product": 443}, {"photo": 398414, "product": 444}, {"photo": 33175, "product": 445}, {"photo": 33176, "product": 445}, {"photo": 367148, "product": 446}, {"photo": 367033, "product": 447}, {"photo": 419086, "product": 448}, {"photo": 398691, "product": 449}, {"photo": 127243, "product": 450}, {"photo": 308789, "product": 451}, {"photo": 336631, "product": 452}, {"photo": 212449, "product": 453}, {"photo": 308871, "product": 454}, {"photo": 412269, "product": 455}, {"photo": 170735, "product": 456}, {"photo": 367362, "product": 457}, {"photo": 260868, "product": 458}, {"photo": 260875, "product": 458}, {"photo": 74329, "product": 459}, {"photo": 74330, "product": 459}, {"photo": 84964, "product": 460}, {"photo": 84965, "product": 460}, {"photo": 34651, "product": 461}, {"photo": 34653, "product": 461}, {"photo": 313807, "product": 462}, {"photo": 335719, "product": 463}, {"photo": 335718, "product": 463}, {"photo": 367389, "product": 464}, {"photo": 398564, "product": 465}, {"photo": 398132, "product": 466}, {"photo": 100248, "product": 467}, {"photo": 100250, "product": 467}, {"photo": 313978, "product": 468}, {"photo": 367100, "product": 469}, {"photo": 367099, "product": 469}, {"photo": 125906, "product": 470}, {"photo": 86983, "product": 471}, {"photo": 315983, "product": 472}, {"photo": 308801, "product": 473}, {"photo": 262203, "product": 474}, {"photo": 308878, "product": 475}, {"photo": 212363, "product": 476}, {"photo": 336555, "product": 477}, {"photo": 367377, "product": 478}, {"photo": 212918, "product": 479}, {"photo": 306565, "product": 480}, {"photo": 367536, "product": 481}, {"photo": 170860, "product": 482}, {"photo": 170569, "product": 483}, {"photo": 367370, "product": 484}, {"photo": 331337, "product": 485}, {"photo": 367298, "product": 486}, {"photo": 123243, "product": 487}, {"photo": 367408, "product": 488}, {"photo": 123152, "product": 489}, {"photo": 367425, "product": 490}, {"photo": 20851, "product": 491}, {"photo": 398641, "product": 492}, {"photo": 28916, "product": 493}, {"photo": 28917, "product": 493}, {"photo": 28918, "product": 493}, {"photo": 211297, "product": 494}, {"photo": 211296, "product": 494}, {"photo": 211298, "product": 494}, {"photo": 211299, "product": 494}, {"photo": 211300, "product": 494}, {"photo": 367566, "product": 495}, {"photo": 66853, "product": 496}, {"photo": 308852, "product": 497}, {"photo": 336685, "product": 498}, {"photo": 411175, "product": 499}, {"photo": 367178, "product": 500}, {"photo": 367454, "product": 501}, {"photo": 367455, "product": 501}, {"photo": 262561, "product": 502}, {"photo": 125693, "product": 503}, {"photo": 367474, "product": 504}, {"photo": 116688, "product": 505}, {"photo": 398128, "product": 506}, {"photo": 398442, "product": 507}, {"photo": 29276, "product": 508}, {"photo": 29277, "product": 508}, {"photo": 125678, "product": 509}, {"photo": 306513, "product": 510}, {"photo": 367400, "product": 511}, {"photo": 367714, "product": 512}, {"photo": 146190, "product": 513}, {"photo": 421628, "product": 514}, {"photo": 367505, "product": 515}, {"photo": 367510, "product": 516}, {"photo": 367508, "product": 516}, {"photo": 145273, "product": 517}, {"photo": 29229, "product": 518}, {"photo": 29232, "product": 518}, {"photo": 367446, "product": 519}, {"photo": 367552, "product": 520}, {"photo": 367600, "product": 521}, {"photo": 144290, "product": 522}, {"photo": 419654, "product": 523}, {"photo": 367451, "product": 524}, {"photo": 161534, "product": 525}, {"photo": 125487, "product": 526}, {"photo": 20630, "product": 527}, {"photo": 364237, "product": 528}, {"photo": 367368, "product": 529}, {"photo": 367367, "product": 529}, {"photo": 123149, "product": 530}, {"photo": 171054, "product": 531}, {"photo": 172890, "product": 532}, {"photo": 172892, "product": 532}, {"photo": 145252, "product": 533}, {"photo": 420042, "product": 534}, {"photo": 262366, "product": 535}, {"photo": 262365, "product": 535}, {"photo": 335810, "product": 536}, {"photo": 350424, "product": 537}, {"photo": 419970, "product": 538}, {"photo": 158597, "product": 539}, {"photo": 367187, "product": 540}, {"photo": 170094, "product": 541}, {"photo": 170093, "product": 541}, {"photo": 171048, "product": 542}, {"photo": 367791, "product": 543}, {"photo": 315388, "product": 544}, {"photo": 315389, "product": 544}, {"photo": 315390, "product": 544}, {"photo": 65192, "product": 545}, {"photo": 260424, "product": 546}, {"photo": 260425, "product": 546}, {"photo": 326323, "product": 547}, {"photo": 367443, "product": 548}, {"photo": 367444, "product": 548}, {"photo": 260900, "product": 549}, {"photo": 261331, "product": 550}, {"photo": 261332, "product": 550}, {"photo": 367308, "product": 551}, {"photo": 367304, "product": 551}, {"photo": 367571, "product": 552}, {"photo": 359739, "product": 553}, {"photo": 301449, "product": 554}, {"photo": 367464, "product": 555}, {"photo": 146025, "product": 556}, {"photo": 63692, "product": 557}, {"photo": 63693, "product": 557}, {"photo": 63694, "product": 557}, {"photo": 63695, "product": 557}, {"photo": 260827, "product": 558}, {"photo": 29202, "product": 559}, {"photo": 29204, "product": 559}, {"photo": 367790, "product": 560}, {"photo": 367322, "product": 561}, {"photo": 169998, "product": 562}, {"photo": 262444, "product": 563}, {"photo": 349418, "product": 564}, {"photo": 80621, "product": 565}, {"photo": 80622, "product": 565}, {"photo": 97938, "product": 565}, {"photo": 412403, "product": 566}, {"photo": 367271, "product": 567}, {"photo": 252113, "product": 568}, {"photo": 367630, "product": 569}, {"photo": 367131, "product": 570}, {"photo": 326156, "product": 571}, {"photo": 261795, "product": 572}, {"photo": 367500, "product": 573}, {"photo": 367195, "product": 574}, {"photo": 367357, "product": 575}, {"photo": 367331, "product": 576}, {"photo": 262060, "product": 577}, {"photo": 170253, "product": 578}, {"photo": 367405, "product": 579}, {"photo": 161389, "product": 580}, {"photo": 367341, "product": 581}, {"photo": 113242, "product": 582}, {"photo": 336265, "product": 583}, {"photo": 336266, "product": 583}, {"photo": 367233, "product": 584}, {"photo": 138576, "product": 585}, {"photo": 410652, "product": 586}, {"photo": 211414, "product": 587}, {"photo": 326195, "product": 588}, {"photo": 411669, "product": 589}, {"photo": 261910, "product": 590}, {"photo": 398297, "product": 591}, {"photo": 366968, "product": 592}, {"photo": 364596, "product": 593}, {"photo": 367382, "product": 594}, {"photo": 261061, "product": 595}, {"photo": 126955, "product": 596}, {"photo": 20690, "product": 597}, {"photo": 20691, "product": 597}, {"photo": 20692, "product": 597}, {"photo": 20693, "product": 597}, {"photo": 34685, "product": 598}, {"photo": 34687, "product": 598}, {"photo": 308845, "product": 599}, {"photo": 126777, "product": 600}, {"photo": 367371, "product": 601}, {"photo": 306600, "product": 602}, {"photo": 161315, "product": 603}, {"photo": 367243, "product": 604}, {"photo": 126927, "product": 605}, {"photo": 260840, "product": 606}, {"photo": 367224, "product": 607}, {"photo": 65723, "product": 608}, {"photo": 65724, "product": 608}, {"photo": 65725, "product": 608}, {"photo": 65726, "product": 608}, {"photo": 420045, "product": 609}, {"photo": 420044, "product": 609}, {"photo": 145025, "product": 610}, {"photo": 161788, "product": 611}, {"photo": 170813, "product": 612}, {"photo": 93350, "product": 613}, {"photo": 336303, "product": 614}, {"photo": 367330, "product": 615}, {"photo": 151081, "product": 616}, {"photo": 151079, "product": 616}, {"photo": 367564, "product": 617}, {"photo": 367729, "product": 618}, {"photo": 367725, "product": 618}, {"photo": 301072, "product": 619}, {"photo": 93464, "product": 620}, {"photo": 367628, "product": 621}, {"photo": 116564, "product": 622}, {"photo": 169424, "product": 623}, {"photo": 367247, "product": 624}, {"photo": 367659, "product": 625}, {"photo": 126527, "product": 626}, {"photo": 125933, "product": 627}, {"photo": 367214, "product": 628}, {"photo": 325934, "product": 629}, {"photo": 170710, "product": 630}, {"photo": 367376, "product": 631}, {"photo": 69051, "product": 632}, {"photo": 69053, "product": 632}, {"photo": 69054, "product": 632}, {"photo": 69055, "product": 632}, {"photo": 350197, "product": 633}, {"photo": 367315, "product": 634}, {"photo": 367119, "product": 635}, {"photo": 23406, "product": 636}, {"photo": 23407, "product": 636}, {"photo": 23408, "product": 636}, {"photo": 23409, "product": 636}, {"photo": 161290, "product": 637}, {"photo": 367323, "product": 638}, {"photo": 411334, "product": 639}, {"photo": 101458, "product": 640}, {"photo": 421653, "product": 641}, {"photo": 170250, "product": 642}, {"photo": 367557, "product": 643}, {"photo": 398874, "product": 644}, {"photo": 367321, "product": 645}, {"photo": 367008, "product": 646}, {"photo": 170689, "product": 647}, {"photo": 170690, "product": 647}, {"photo": 168790, "product": 648}, {"photo": 262050, "product": 649}, {"photo": 262048, "product": 649}, {"photo": 169171, "product": 650}, {"photo": 168485, "product": 651}, {"photo": 168484, "product": 651}, {"photo": 410207, "product": 652}, {"photo": 172552, "product": 653}, {"photo": 367467, "product": 654}, {"photo": 170184, "product": 655}, {"photo": 335764, "product": 656}, {"photo": 367436, "product": 657}, {"photo": 164299, "product": 658}, {"photo": 173261, "product": 659}, {"photo": 173260, "product": 659}, {"photo": 350438, "product": 660}, {"photo": 413019, "product": 661}, {"photo": 367803, "product": 662}, {"photo": 364278, "product": 663}, {"photo": 364279, "product": 663}, {"photo": 398278, "product": 664}, {"photo": 367213, "product": 665}, {"photo": 367215, "product": 665}, {"photo": 169941, "product": 666}, {"photo": 261535, "product": 667}, {"photo": 261537, "product": 667}, {"photo": 163136, "product": 668}, {"photo": 367603, "product": 669}, {"photo": 367691, "product": 670}, {"photo": 364338, "product": 671}, {"photo": 144264, "product": 672}, {"photo": 367314, "product": 673}, {"photo": 169316, "product": 674}, {"photo": 316525, "product": 675}, {"photo": 146142, "product": 676}, {"photo": 169639, "product": 677}, {"photo": 262753, "product": 678}, {"photo": 262752, "product": 678}, {"photo": 367328, "product": 679}, {"photo": 211428, "product": 680}, {"photo": 398464, "product": 681}, {"photo": 367404, "product": 682}, {"photo": 261585, "product": 683}, {"photo": 261582, "product": 683}, {"photo": 367760, "product": 684}, {"photo": 173180, "product": 685}, {"photo": 173179, "product": 685}, {"photo": 173178, "product": 685}, {"photo": 411328, "product": 686}, {"photo": 169964, "product": 687}, {"photo": 252121, "product": 688}, {"photo": 88297, "product": 689}, {"photo": 367523, "product": 690}, {"photo": 367286, "product": 691}, {"photo": 367287, "product": 691}, {"photo": 168407, "product": 692}, {"photo": 170882, "product": 693}, {"photo": 173024, "product": 694}, {"photo": 398412, "product": 695}, {"photo": 398410, "product": 695}, {"photo": 367274, "product": 696}, {"photo": 124911, "product": 697}, {"photo": 42448, "product": 698}, {"photo": 42450, "product": 698}, {"photo": 42452, "product": 698}, {"photo": 173559, "product": 699}, {"photo": 173558, "product": 699}, {"photo": 367599, "product": 700}, {"photo": 367244, "product": 701}, {"photo": 262213, "product": 702}, {"photo": 367615, "product": 703}, {"photo": 367355, "product": 704}, {"photo": 367296, "product": 705}, {"photo": 350242, "product": 706}, {"photo": 126784, "product": 707}, {"photo": 126783, "product": 707}, {"photo": 173353, "product": 708}, {"photo": 158719, "product": 709}, {"photo": 158536, "product": 710}, {"photo": 158537, "product": 710}, {"photo": 313856, "product": 711}, {"photo": 312691, "product": 712}, {"photo": 87566, "product": 713}, {"photo": 87568, "product": 713}, {"photo": 87570, "product": 713}, {"photo": 261562, "product": 714}, {"photo": 125675, "product": 715}, {"photo": 423523, "product": 716}, {"photo": 398180, "product": 717}, {"photo": 398179, "product": 717}, {"photo": 398181, "product": 717}, {"photo": 81972, "product": 718}, {"photo": 81973, "product": 718}, {"photo": 116890, "product": 719}, {"photo": 367380, "product": 720}, {"photo": 261790, "product": 721}, {"photo": 261473, "product": 722}, {"photo": 261472, "product": 722}, {"photo": 300831, "product": 723}, {"photo": 101226, "product": 724}, {"photo": 169345, "product": 725}, {"photo": 367562, "product": 726}, {"photo": 367252, "product": 727}, {"photo": 367754, "product": 728}, {"photo": 367751, "product": 728}, {"photo": 170521, "product": 729}, {"photo": 410840, "product": 730}, {"photo": 93407, "product": 731}, {"photo": 421689, "product": 732}, {"photo": 165082, "product": 733}, {"photo": 367712, "product": 734}, {"photo": 173500, "product": 735}, {"photo": 367189, "product": 736}, {"photo": 47212, "product": 737}, {"photo": 47213, "product": 737}, {"photo": 47214, "product": 737}, {"photo": 313448, "product": 738}, {"photo": 367504, "product": 739}, {"photo": 115613, "product": 740}, {"photo": 419030, "product": 741}, {"photo": 66042, "product": 742}, {"photo": 367139, "product": 743}, {"photo": 261788, "product": 744}, {"photo": 261787, "product": 744}, {"photo": 261789, "product": 744}, {"photo": 367305, "product": 745}, {"photo": 308880, "product": 746}, {"photo": 252417, "product": 747}, {"photo": 173422, "product": 748}, {"photo": 173421, "product": 748}, {"photo": 170273, "product": 749}, {"photo": 336561, "product": 750}, {"photo": 398698, "product": 751}, {"photo": 335882, "product": 752}, {"photo": 146011, "product": 753}, {"photo": 367202, "product": 754}, {"photo": 169979, "product": 755}, {"photo": 419916, "product": 756}, {"photo": 367794, "product": 757}, {"photo": 367170, "product": 758}, {"photo": 261886, "product": 759}, {"photo": 172537, "product": 760}, {"photo": 306562, "product": 761}, {"photo": 367007, "product": 762}, {"photo": 367461, "product": 763}, {"photo": 306561, "product": 764}, {"photo": 350316, "product": 765}, {"photo": 261406, "product": 766}, {"photo": 261407, "product": 766}, {"photo": 262623, "product": 767}, {"photo": 34895, "product": 768}, {"photo": 34896, "product": 768}, {"photo": 367688, "product": 769}, {"photo": 212161, "product": 770}, {"photo": 201455, "product": 771}, {"photo": 201454, "product": 771}, {"photo": 367565, "product": 772}, {"photo": 173192, "product": 773}, {"photo": 87631, "product": 774}, {"photo": 419128, "product": 775}, {"photo": 350355, "product": 776}, {"photo": 93338, "product": 777}, {"photo": 308780, "product": 778}, {"photo": 423541, "product": 779}, {"photo": 423540, "product": 779}, {"photo": 88338, "product": 780}, {"photo": 367601, "product": 781}, {"photo": 411815, "product": 782}, {"photo": 170164, "product": 783}, {"photo": 169813, "product": 784}, {"photo": 125567, "product": 785}, {"photo": 125569, "product": 785}, {"photo": 367306, "product": 786}, {"photo": 411640, "product": 787}, {"photo": 398309, "product": 788}, {"photo": 77676, "product": 789}, {"photo": 77677, "product": 789}, {"photo": 77678, "product": 789}, {"photo": 77679, "product": 789}, {"photo": 367107, "product": 790}, {"photo": 367387, "product": 791}, {"photo": 161750, "product": 792}, {"photo": 301461, "product": 793}, {"photo": 145433, "product": 794}, {"photo": 145434, "product": 794}, {"photo": 367190, "product": 795}, {"photo": 367191, "product": 795}, {"photo": 367192, "product": 795}, {"photo": 367241, "product": 796}, {"photo": 125842, "product": 797}, {"photo": 125843, "product": 797}, {"photo": 367364, "product": 798}, {"photo": 367204, "product": 799}, {"photo": 170640, "product": 800}, {"photo": 313784, "product": 801}, {"photo": 313785, "product": 801}, {"photo": 161727, "product": 802}, {"photo": 145983, "product": 803}, {"photo": 145985, "product": 803}, {"photo": 261449, "product": 804}, {"photo": 170353, "product": 805}, {"photo": 421520, "product": 806}, {"photo": 262102, "product": 807}, {"photo": 306060, "product": 808}, {"photo": 91296, "product": 809}, {"photo": 261877, "product": 810}, {"photo": 261875, "product": 810}, {"photo": 261874, "product": 810}, {"photo": 65699, "product": 811}, {"photo": 65702, "product": 811}, {"photo": 65703, "product": 811}, {"photo": 65704, "product": 811}, {"photo": 313230, "product": 812}, {"photo": 367325, "product": 813}, {"photo": 367411, "product": 814}, {"photo": 411556, "product": 815}, {"photo": 411555, "product": 815}, {"photo": 411558, "product": 815}, {"photo": 367078, "product": 816}, {"photo": 88435, "product": 817}, {"photo": 418867, "product": 818}, {"photo": 401020, "product": 819}, {"photo": 173252, "product": 820}, {"photo": 173253, "product": 820}, {"photo": 261342, "product": 821}, {"photo": 308866, "product": 822}, {"photo": 78614, "product": 823}, {"photo": 78616, "product": 823}, {"photo": 78618, "product": 823}, {"photo": 257045, "product": 824}, {"photo": 367048, "product": 825}, {"photo": 367403, "product": 826}, {"photo": 367428, "product": 827}, {"photo": 367416, "product": 828}, {"photo": 367621, "product": 829}, {"photo": 367614, "product": 829}, {"photo": 367612, "product": 829}, {"photo": 367217, "product": 830}, {"photo": 124520, "product": 831}, {"photo": 146149, "product": 832}, {"photo": 146151, "product": 832}, {"photo": 336452, "product": 833}, {"photo": 367549, "product": 834}, {"photo": 261202, "product": 835}, {"photo": 146057, "product": 836}, {"photo": 146055, "product": 836}, {"photo": 170119, "product": 837}, {"photo": 410882, "product": 838}, {"photo": 125007, "product": 839}, {"photo": 125008, "product": 839}, {"photo": 367232, "product": 840}, {"photo": 367248, "product": 841}, {"photo": 252359, "product": 842}, {"photo": 308787, "product": 843}, {"photo": 336449, "product": 844}, {"photo": 313552, "product": 845}, {"photo": 169940, "product": 846}, {"photo": 74252, "product": 847}, {"photo": 74253, "product": 847}, {"photo": 74254, "product": 847}, {"photo": 97727, "product": 847}, {"photo": 261837, "product": 848}, {"photo": 312601, "product": 849}, {"photo": 367512, "product": 850}, {"photo": 364453, "product": 851}, {"photo": 411373, "product": 852}, {"photo": 367550, "product": 853}, {"photo": 367576, "product": 854}, {"photo": 314476, "product": 855}, {"photo": 314471, "product": 855}, {"photo": 170432, "product": 856}, {"photo": 145959, "product": 857}, {"photo": 362027, "product": 858}, {"photo": 367417, "product": 859}, {"photo": 367166, "product": 860}, {"photo": 122431, "product": 861}, {"photo": 398168, "product": 862}, {"photo": 173032, "product": 863}, {"photo": 170152, "product": 864}, {"photo": 34917, "product": 865}, {"photo": 34918, "product": 865}, {"photo": 97243, "product": 865}, {"photo": 97244, "product": 865}, {"photo": 97245, "product": 865}, {"photo": 97246, "product": 865}, {"photo": 101196, "product": 866}, {"photo": 367490, "product": 867}, {"photo": 261512, "product": 868}, {"photo": 261511, "product": 868}, {"photo": 301305, "product": 869}, {"photo": 169958, "product": 870}, {"photo": 367326, "product": 871}, {"photo": 212455, "product": 872}, {"photo": 261885, "product": 873}, {"photo": 173055, "product": 874}, {"photo": 173054, "product": 874}, {"photo": 146339, "product": 875}, {"photo": 146345, "product": 875}, {"photo": 173664, "product": 876}, {"photo": 70593, "product": 877}, {"photo": 70594, "product": 877}, {"photo": 70595, "product": 877}, {"photo": 70596, "product": 877}, {"photo": 97478, "product": 877}, {"photo": 122153, "product": 878}, {"photo": 122154, "product": 878}, {"photo": 169832, "product": 879}, {"photo": 398413, "product": 880}, {"photo": 398415, "product": 880}, {"photo": 28648, "product": 881}, {"photo": 28649, "product": 881}, {"photo": 398851, "product": 882}, {"photo": 367482, "product": 883}, {"photo": 398338, "product": 884}, {"photo": 367596, "product": 885}, {"photo": 367161, "product": 886}, {"photo": 173474, "product": 887}, {"photo": 367339, "product": 888}, {"photo": 86513, "product": 889}, {"photo": 86514, "product": 889}, {"photo": 86515, "product": 889}, {"photo": 412033, "product": 890}, {"photo": 261653, "product": 891}, {"photo": 261654, "product": 891}, {"photo": 367453, "product": 892}, {"photo": 397863, "product": 893}, {"photo": 367211, "product": 894}, {"photo": 262142, "product": 895}, {"photo": 262143, "product": 895}, {"photo": 350240, "product": 896}, {"photo": 367180, "product": 897}, {"photo": 97544, "product": 898}, {"photo": 97545, "product": 898}, {"photo": 161460, "product": 899}, {"photo": 123412, "product": 900}, {"photo": 211623, "product": 901}, {"photo": 114117, "product": 902}, {"photo": 260974, "product": 903}, {"photo": 34725, "product": 904}, {"photo": 34727, "product": 904}, {"photo": 169141, "product": 905}, {"photo": 169142, "product": 905}, {"photo": 411345, "product": 906}, {"photo": 65970, "product": 907}, {"photo": 102676, "product": 908}, {"photo": 409914, "product": 909}, {"photo": 126991, "product": 910}, {"photo": 411839, "product": 911}, {"photo": 367259, "product": 912}, {"photo": 367260, "product": 912}, {"photo": 126721, "product": 913}, {"photo": 211796, "product": 914}, {"photo": 211797, "product": 914}, {"photo": 170247, "product": 915}, {"photo": 93414, "product": 916}, {"photo": 93415, "product": 916}, {"photo": 67848, "product": 917}, {"photo": 367546, "product": 918}, {"photo": 262269, "product": 919}, {"photo": 367535, "product": 920}, {"photo": 123999, "product": 921}, {"photo": 398320, "product": 922}, {"photo": 170942, "product": 923}, {"photo": 367234, "product": 924}, {"photo": 116152, "product": 925}, {"photo": 261678, "product": 926}, {"photo": 261679, "product": 926}, {"photo": 19865, "product": 927}, {"photo": 367551, "product": 928}, {"photo": 316477, "product": 929}, {"photo": 169815, "product": 930}, {"photo": 100230, "product": 931}, {"photo": 100231, "product": 931}, {"photo": 367353, "product": 932}, {"photo": 335878, "product": 933}, {"photo": 367293, "product": 934}, {"photo": 412230, "product": 935}, {"photo": 170605, "product": 936}, {"photo": 211452, "product": 937}, {"photo": 169740, "product": 938}, {"photo": 168538, "product": 939}, {"photo": 364575, "product": 940}, {"photo": 364574, "product": 940}, {"photo": 65045, "product": 941}, {"photo": 65046, "product": 941}, {"photo": 65047, "product": 941}, {"photo": 367545, "product": 942}, {"photo": 313656, "product": 943}, {"photo": 367479, "product": 944}, {"photo": 170384, "product": 945}, {"photo": 144180, "product": 946}, {"photo": 144181, "product": 946}, {"photo": 211408, "product": 947}, {"photo": 248199, "product": 948}, {"photo": 367109, "product": 949}, {"photo": 367110, "product": 949}, {"photo": 57272, "product": 950}, {"photo": 57273, "product": 950}, {"photo": 57274, "product": 950}, {"photo": 57275, "product": 950}, {"photo": 169505, "product": 951}, {"photo": 367634, "product": 952}, {"photo": 169459, "product": 953}, {"photo": 116202, "product": 954}, {"photo": 367068, "product": 955}, {"photo": 367067, "product": 955}, {"photo": 336714, "product": 956}, {"photo": 336641, "product": 957}, {"photo": 367374, "product": 958}, {"photo": 398335, "product": 959}, {"photo": 169522, "product": 960}, {"photo": 168231, "product": 961}, {"photo": 168232, "product": 961}, {"photo": 91586, "product": 962}, {"photo": 169120, "product": 963}, {"photo": 123946, "product": 964}, {"photo": 146156, "product": 965}]