[{"photo": 145734, "product": 1}, {"photo": 145728, "product": 1}, {"photo": 145731, "product": 1}, {"photo": 174034, "product": 2}, {"photo": 121606, "product": 3}, {"photo": 267921, "product": 4}, {"photo": 174869, "product": 5}, {"photo": 39168, "product": 6}, {"photo": 39169, "product": 6}, {"photo": 48945, "product": 7}, {"photo": 48946, "product": 7}, {"photo": 178184, "product": 8}, {"photo": 217824, "product": 9}, {"photo": 268226, "product": 10}, {"photo": 267922, "product": 11}, {"photo": 338845, "product": 12}, {"photo": 338844, "product": 12}, {"photo": 424095, "product": 13}, {"photo": 424094, "product": 13}, {"photo": 302445, "product": 14}, {"photo": 177921, "product": 15}, {"photo": 50626, "product": 16}, {"photo": 50627, "product": 16}, {"photo": 73843, "product": 17}, {"photo": 268337, "product": 18}, {"photo": 130879, "product": 19}, {"photo": 268220, "product": 20}, {"photo": 115966, "product": 21}, {"photo": 179893, "product": 22}, {"photo": 86426, "product": 23}, {"photo": 86427, "product": 23}, {"photo": 86428, "product": 23}, {"photo": 89697, "product": 24}, {"photo": 89698, "product": 24}, {"photo": 179815, "product": 25}, {"photo": 124832, "product": 26}, {"photo": 173218, "product": 27}, {"photo": 268296, "product": 28}, {"photo": 268297, "product": 28}, {"photo": 174020, "product": 29}, {"photo": 80405, "product": 30}, {"photo": 49203, "product": 31}, {"photo": 49204, "product": 31}, {"photo": 180670, "product": 32}, {"photo": 180668, "product": 32}, {"photo": 180666, "product": 32}, {"photo": 180667, "product": 32}, {"photo": 180671, "product": 32}, {"photo": 268313, "product": 33}, {"photo": 47752, "product": 34}, {"photo": 47754, "product": 34}, {"photo": 146799, "product": 35}, {"photo": 352143, "product": 36}, {"photo": 173830, "product": 37}, {"photo": 221084, "product": 38}, {"photo": 268041, "product": 39}, {"photo": 268040, "product": 39}, {"photo": 37048, "product": 40}, {"photo": 37049, "product": 40}, {"photo": 177968, "product": 41}, {"photo": 177969, "product": 41}, {"photo": 173862, "product": 42}, {"photo": 173863, "product": 42}, {"photo": 268150, "product": 43}, {"photo": 81208, "product": 44}, {"photo": 81209, "product": 44}, {"photo": 38896, "product": 45}, {"photo": 38897, "product": 45}, {"photo": 301966, "product": 46}, {"photo": 174821, "product": 47}, {"photo": 49232, "product": 48}, {"photo": 49233, "product": 48}, {"photo": 302136, "product": 49}, {"photo": 268185, "product": 50}, {"photo": 174158, "product": 51}, {"photo": 174157, "product": 51}, {"photo": 173724, "product": 52}, {"photo": 268068, "product": 53}, {"photo": 173882, "product": 54}, {"photo": 173883, "product": 54}, {"photo": 73000, "product": 55}, {"photo": 73002, "product": 55}, {"photo": 268186, "product": 56}, {"photo": 177249, "product": 57}, {"photo": 177248, "product": 57}, {"photo": 177247, "product": 57}, {"photo": 177209, "product": 58}, {"photo": 267799, "product": 59}, {"photo": 174061, "product": 60}, {"photo": 174062, "product": 60}, {"photo": 177336, "product": 61}, {"photo": 177332, "product": 61}, {"photo": 177335, "product": 61}, {"photo": 177334, "product": 61}, {"photo": 177333, "product": 61}, {"photo": 423694, "product": 62}, {"photo": 173923, "product": 63}, {"photo": 179867, "product": 64}, {"photo": 180008, "product": 65}, {"photo": 180005, "product": 65}, {"photo": 180003, "product": 65}, {"photo": 179538, "product": 66}, {"photo": 422437, "product": 67}, {"photo": 174914, "product": 68}, {"photo": 174913, "product": 68}, {"photo": 61467, "product": 69}, {"photo": 61468, "product": 69}, {"photo": 200893, "product": 70}, {"photo": 175640, "product": 71}, {"photo": 175641, "product": 71}, {"photo": 73704, "product": 72}, {"photo": 268000, "product": 73}, {"photo": 268001, "product": 73}, {"photo": 267932, "product": 74}, {"photo": 267933, "product": 74}, {"photo": 267504, "product": 75}, {"photo": 309179, "product": 76}, {"photo": 173351, "product": 77}, {"photo": 174462, "product": 78}, {"photo": 179486, "product": 79}, {"photo": 82359, "product": 80}, {"photo": 268168, "product": 81}, {"photo": 115561, "product": 82}, {"photo": 302576, "product": 83}, {"photo": 200122, "product": 84}, {"photo": 200123, "product": 84}, {"photo": 423700, "product": 85}, {"photo": 249734, "product": 86}, {"photo": 249733, "product": 86}, {"photo": 110404, "product": 87}, {"photo": 307256, "product": 88}, {"photo": 267786, "product": 89}, {"photo": 267784, "product": 89}, {"photo": 267785, "product": 89}, {"photo": 352240, "product": 90}, {"photo": 74040, "product": 91}, {"photo": 117848, "product": 92}, {"photo": 302024, "product": 93}, {"photo": 302025, "product": 93}, {"photo": 178690, "product": 94}, {"photo": 178491, "product": 95}, {"photo": 173811, "product": 96}, {"photo": 161194, "product": 97}, {"photo": 179165, "product": 98}, {"photo": 338932, "product": 99}, {"photo": 116018, "product": 100}, {"photo": 117727, "product": 101}, {"photo": 115355, "product": 102}, {"photo": 130295, "product": 103}, {"photo": 177537, "product": 104}, {"photo": 177542, "product": 104}, {"photo": 177540, "product": 104}, {"photo": 117883, "product": 105}, {"photo": 178462, "product": 106}, {"photo": 267768, "product": 107}, {"photo": 178508, "product": 108}, {"photo": 178506, "product": 108}, {"photo": 117891, "product": 109}, {"photo": 117892, "product": 109}, {"photo": 421987, "product": 110}, {"photo": 130835, "product": 111}, {"photo": 177949, "product": 112}, {"photo": 175186, "product": 113}, {"photo": 423718, "product": 114}, {"photo": 423719, "product": 114}, {"photo": 177449, "product": 115}, {"photo": 117930, "product": 116}, {"photo": 49862, "product": 117}, {"photo": 49863, "product": 117}, {"photo": 178307, "product": 118}, {"photo": 178684, "product": 119}, {"photo": 338936, "product": 120}, {"photo": 338937, "product": 120}, {"photo": 174479, "product": 121}, {"photo": 174480, "product": 121}, {"photo": 177932, "product": 122}, {"photo": 268214, "product": 123}, {"photo": 221229, "product": 124}, {"photo": 117899, "product": 125}, {"photo": 117898, "product": 125}, {"photo": 132649, "product": 126}, {"photo": 117941, "product": 127}, {"photo": 103524, "product": 128}, {"photo": 174973, "product": 129}, {"photo": 174972, "product": 129}, {"photo": 174496, "product": 130}, {"photo": 327025, "product": 131}, {"photo": 338536, "product": 132}, {"photo": 338909, "product": 133}, {"photo": 177870, "product": 134}, {"photo": 177871, "product": 134}, {"photo": 177872, "product": 134}, {"photo": 177873, "product": 134}, {"photo": 219419, "product": 135}, {"photo": 326825, "product": 136}, {"photo": 201216, "product": 137}, {"photo": 177508, "product": 138}, {"photo": 177509, "product": 138}, {"photo": 301813, "product": 139}, {"photo": 173472, "product": 140}, {"photo": 115713, "product": 141}, {"photo": 302399, "product": 142}, {"photo": 58290, "product": 143}, {"photo": 58292, "product": 143}, {"photo": 267823, "product": 144}, {"photo": 267810, "product": 145}, {"photo": 267811, "product": 145}, {"photo": 180110, "product": 146}, {"photo": 180112, "product": 146}, {"photo": 268372, "product": 147}, {"photo": 117844, "product": 148}, {"photo": 117845, "product": 148}, {"photo": 201108, "product": 149}, {"photo": 201107, "product": 149}, {"photo": 103770, "product": 150}, {"photo": 217678, "product": 151}, {"photo": 217679, "product": 151}, {"photo": 27186, "product": 152}, {"photo": 27188, "product": 152}, {"photo": 27190, "product": 152}, {"photo": 124764, "product": 153}, {"photo": 175031, "product": 154}, {"photo": 178101, "product": 155}, {"photo": 179410, "product": 156}, {"photo": 173755, "product": 157}, {"photo": 177789, "product": 158}, {"photo": 177791, "product": 158}, {"photo": 177790, "product": 158}, {"photo": 174830, "product": 159}, {"photo": 268092, "product": 160}, {"photo": 267978, "product": 161}, {"photo": 177801, "product": 162}, {"photo": 74392, "product": 163}, {"photo": 74393, "product": 163}, {"photo": 220048, "product": 164}, {"photo": 399743, "product": 165}, {"photo": 180692, "product": 166}, {"photo": 73813, "product": 167}, {"photo": 302497, "product": 168}, {"photo": 76049, "product": 169}, {"photo": 76050, "product": 169}, {"photo": 319943, "product": 170}, {"photo": 149119, "product": 171}, {"photo": 201305, "product": 172}, {"photo": 179767, "product": 173}, {"photo": 178336, "product": 174}, {"photo": 173162, "product": 175}, {"photo": 268122, "product": 176}, {"photo": 268121, "product": 176}, {"photo": 174883, "product": 177}, {"photo": 174886, "product": 177}, {"photo": 174882, "product": 177}, {"photo": 174881, "product": 177}, {"photo": 174057, "product": 178}, {"photo": 219780, "product": 179}, {"photo": 117974, "product": 180}, {"photo": 173566, "product": 181}, {"photo": 327405, "product": 182}, {"photo": 177948, "product": 183}, {"photo": 179212, "product": 184}, {"photo": 179211, "product": 184}, {"photo": 173456, "product": 185}, {"photo": 173455, "product": 185}, {"photo": 327324, "product": 186}, {"photo": 173416, "product": 187}, {"photo": 173415, "product": 187}, {"photo": 178693, "product": 188}, {"photo": 116005, "product": 189}, {"photo": 179343, "product": 190}, {"photo": 71331, "product": 191}, {"photo": 71332, "product": 191}, {"photo": 71333, "product": 191}, {"photo": 71334, "product": 191}, {"photo": 71335, "product": 191}, {"photo": 177828, "product": 192}, {"photo": 301272, "product": 193}, {"photo": 301273, "product": 193}, {"photo": 175751, "product": 194}, {"photo": 175750, "product": 194}, {"photo": 50240, "product": 195}, {"photo": 50241, "product": 195}, {"photo": 179941, "product": 196}, {"photo": 176998, "product": 197}, {"photo": 176997, "product": 197}, {"photo": 218021, "product": 198}, {"photo": 37378, "product": 199}, {"photo": 37379, "product": 199}, {"photo": 178384, "product": 200}, {"photo": 131766, "product": 201}, {"photo": 126154, "product": 202}, {"photo": 177860, "product": 203}, {"photo": 268046, "product": 204}, {"photo": 38455, "product": 205}, {"photo": 38456, "product": 205}, {"photo": 177866, "product": 206}, {"photo": 177867, "product": 206}, {"photo": 268333, "product": 207}, {"photo": 177924, "product": 208}, {"photo": 267917, "product": 209}, {"photo": 127057, "product": 210}, {"photo": 116034, "product": 211}, {"photo": 268053, "product": 212}, {"photo": 179466, "product": 213}, {"photo": 179465, "product": 213}, {"photo": 319188, "product": 214}, {"photo": 253250, "product": 215}, {"photo": 302349, "product": 216}, {"photo": 221145, "product": 217}, {"photo": 115907, "product": 218}, {"photo": 178170, "product": 219}, {"photo": 98287, "product": 220}, {"photo": 173158, "product": 221}, {"photo": 217555, "product": 222}, {"photo": 375084, "product": 223}, {"photo": 202491, "product": 224}, {"photo": 268347, "product": 225}, {"photo": 178377, "product": 226}, {"photo": 179504, "product": 227}, {"photo": 179502, "product": 227}, {"photo": 307184, "product": 228}, {"photo": 174640, "product": 229}, {"photo": 302558, "product": 230}, {"photo": 177259, "product": 231}, {"photo": 179648, "product": 232}, {"photo": 175197, "product": 233}, {"photo": 175196, "product": 233}, {"photo": 175198, "product": 233}, {"photo": 175194, "product": 233}, {"photo": 175195, "product": 233}, {"photo": 200678, "product": 234}, {"photo": 179567, "product": 235}, {"photo": 302267, "product": 236}, {"photo": 302266, "product": 236}, {"photo": 161226, "product": 237}, {"photo": 268035, "product": 238}, {"photo": 178909, "product": 239}, {"photo": 178910, "product": 239}, {"photo": 178908, "product": 239}, {"photo": 330643, "product": 240}, {"photo": 173975, "product": 241}, {"photo": 173974, "product": 241}, {"photo": 219870, "product": 242}, {"photo": 219872, "product": 242}, {"photo": 219871, "product": 242}, {"photo": 141442, "product": 243}, {"photo": 179024, "product": 244}, {"photo": 164726, "product": 245}, {"photo": 104072, "product": 246}, {"photo": 248966, "product": 247}, {"photo": 126826, "product": 248}, {"photo": 73093, "product": 249}, {"photo": 103249, "product": 250}, {"photo": 103248, "product": 250}, {"photo": 103728, "product": 251}, {"photo": 180678, "product": 252}, {"photo": 180680, "product": 252}, {"photo": 173898, "product": 253}, {"photo": 173899, "product": 253}, {"photo": 178268, "product": 254}, {"photo": 178269, "product": 254}, {"photo": 178270, "product": 254}, {"photo": 268322, "product": 255}, {"photo": 268323, "product": 255}, {"photo": 177640, "product": 256}, {"photo": 223628, "product": 257}, {"photo": 374425, "product": 258}, {"photo": 180230, "product": 259}, {"photo": 174364, "product": 260}, {"photo": 177590, "product": 261}, {"photo": 268491, "product": 262}, {"photo": 178449, "product": 263}, {"photo": 219956, "product": 264}, {"photo": 179701, "product": 265}, {"photo": 179700, "product": 265}, {"photo": 179702, "product": 265}, {"photo": 179703, "product": 265}, {"photo": 85858, "product": 266}, {"photo": 85859, "product": 266}, {"photo": 85860, "product": 266}, {"photo": 85861, "product": 266}, {"photo": 268008, "product": 267}, {"photo": 115580, "product": 268}, {"photo": 74372, "product": 269}, {"photo": 302039, "product": 270}, {"photo": 115621, "product": 271}, {"photo": 174303, "product": 272}, {"photo": 86304, "product": 273}, {"photo": 86305, "product": 273}, {"photo": 249721, "product": 274}, {"photo": 126193, "product": 275}, {"photo": 66622, "product": 276}, {"photo": 66623, "product": 276}, {"photo": 217725, "product": 277}, {"photo": 38062, "product": 278}, {"photo": 38063, "product": 278}, {"photo": 268169, "product": 279}, {"photo": 268170, "product": 279}, {"photo": 177881, "product": 280}, {"photo": 179589, "product": 281}, {"photo": 177814, "product": 282}, {"photo": 179837, "product": 283}, {"photo": 179838, "product": 283}, {"photo": 177534, "product": 284}, {"photo": 217861, "product": 285}, {"photo": 63021, "product": 286}, {"photo": 63022, "product": 286}, {"photo": 267842, "product": 287}, {"photo": 267841, "product": 287}, {"photo": 267946, "product": 288}, {"photo": 174203, "product": 289}, {"photo": 303375, "product": 290}, {"photo": 267678, "product": 291}, {"photo": 267677, "product": 291}, {"photo": 267676, "product": 291}, {"photo": 38101, "product": 292}, {"photo": 38102, "product": 292}, {"photo": 302211, "product": 293}, {"photo": 302210, "product": 293}, {"photo": 267908, "product": 294}, {"photo": 307182, "product": 295}, {"photo": 249581, "product": 296}, {"photo": 179269, "product": 297}, {"photo": 179267, "product": 297}, {"photo": 179271, "product": 297}, {"photo": 177819, "product": 298}, {"photo": 339025, "product": 299}, {"photo": 339026, "product": 299}, {"photo": 339024, "product": 299}, {"photo": 111777, "product": 300}, {"photo": 177641, "product": 301}, {"photo": 174221, "product": 302}, {"photo": 174222, "product": 302}, {"photo": 175005, "product": 303}, {"photo": 302158, "product": 304}, {"photo": 302157, "product": 304}, {"photo": 301341, "product": 305}, {"photo": 73862, "product": 306}, {"photo": 173412, "product": 307}, {"photo": 173413, "product": 307}, {"photo": 179186, "product": 308}, {"photo": 178154, "product": 309}, {"photo": 374889, "product": 310}, {"photo": 374891, "product": 310}, {"photo": 179402, "product": 311}, {"photo": 179403, "product": 311}, {"photo": 179400, "product": 311}, {"photo": 174052, "product": 312}, {"photo": 267781, "product": 313}, {"photo": 178568, "product": 314}, {"photo": 178572, "product": 314}, {"photo": 178566, "product": 314}, {"photo": 178570, "product": 314}, {"photo": 178567, "product": 314}, {"photo": 178574, "product": 314}, {"photo": 173814, "product": 315}, {"photo": 173813, "product": 315}, {"photo": 177667, "product": 316}, {"photo": 173782, "product": 317}, {"photo": 173784, "product": 317}, {"photo": 268735, "product": 318}, {"photo": 177793, "product": 319}, {"photo": 173704, "product": 320}, {"photo": 302292, "product": 321}, {"photo": 302294, "product": 321}, {"photo": 302290, "product": 321}, {"photo": 177624, "product": 322}, {"photo": 177627, "product": 322}, {"photo": 177621, "product": 322}, {"photo": 177623, "product": 322}, {"photo": 177626, "product": 322}, {"photo": 218016, "product": 323}, {"photo": 177690, "product": 324}, {"photo": 178630, "product": 325}, {"photo": 178631, "product": 325}, {"photo": 63837, "product": 326}, {"photo": 63838, "product": 326}, {"photo": 301317, "product": 327}, {"photo": 175126, "product": 328}, {"photo": 338769, "product": 329}, {"photo": 177101, "product": 330}, {"photo": 177100, "product": 330}, {"photo": 267063, "product": 331}, {"photo": 174579, "product": 332}, {"photo": 73267, "product": 333}, {"photo": 117807, "product": 334}, {"photo": 268200, "product": 335}, {"photo": 173342, "product": 336}, {"photo": 180127, "product": 337}, {"photo": 178840, "product": 338}, {"photo": 115775, "product": 339}, {"photo": 178541, "product": 340}, {"photo": 201299, "product": 341}, {"photo": 201298, "product": 341}, {"photo": 173656, "product": 342}, {"photo": 178791, "product": 343}, {"photo": 112565, "product": 344}, {"photo": 338707, "product": 345}, {"photo": 225366, "product": 346}, {"photo": 267728, "product": 347}, {"photo": 267729, "product": 347}, {"photo": 267730, "product": 347}, {"photo": 174856, "product": 348}, {"photo": 180158, "product": 349}, {"photo": 131984, "product": 350}, {"photo": 174197, "product": 351}, {"photo": 352138, "product": 352}, {"photo": 267995, "product": 353}, {"photo": 177653, "product": 354}, {"photo": 177652, "product": 354}, {"photo": 267992, "product": 355}, {"photo": 178736, "product": 356}, {"photo": 178730, "product": 356}, {"photo": 178731, "product": 356}, {"photo": 179389, "product": 357}, {"photo": 179387, "product": 357}, {"photo": 179388, "product": 357}, {"photo": 174223, "product": 358}, {"photo": 87131, "product": 359}, {"photo": 87132, "product": 359}, {"photo": 177729, "product": 360}, {"photo": 177431, "product": 361}, {"photo": 177430, "product": 361}, {"photo": 177432, "product": 361}, {"photo": 204541, "product": 362}, {"photo": 174772, "product": 363}, {"photo": 200937, "product": 364}, {"photo": 200936, "product": 364}, {"photo": 177523, "product": 365}, {"photo": 302100, "product": 366}, {"photo": 179005, "product": 367}, {"photo": 218201, "product": 368}, {"photo": 217844, "product": 369}, {"photo": 204721, "product": 370}, {"photo": 161321, "product": 371}, {"photo": 73863, "product": 372}, {"photo": 178081, "product": 373}, {"photo": 178082, "product": 373}, {"photo": 267551, "product": 374}, {"photo": 267911, "product": 375}, {"photo": 267910, "product": 375}, {"photo": 173827, "product": 376}, {"photo": 178861, "product": 377}, {"photo": 268009, "product": 378}, {"photo": 174428, "product": 379}, {"photo": 48026, "product": 380}, {"photo": 48027, "product": 380}, {"photo": 178162, "product": 381}, {"photo": 103226, "product": 382}, {"photo": 80956, "product": 383}, {"photo": 37740, "product": 384}, {"photo": 37741, "product": 384}, {"photo": 37742, "product": 384}, {"photo": 149257, "product": 385}, {"photo": 249878, "product": 386}, {"photo": 118018, "product": 387}, {"photo": 118017, "product": 387}, {"photo": 253400, "product": 388}, {"photo": 125235, "product": 389}, {"photo": 302173, "product": 390}, {"photo": 302172, "product": 390}, {"photo": 174892, "product": 391}, {"photo": 126778, "product": 392}, {"photo": 178231, "product": 393}, {"photo": 173306, "product": 394}, {"photo": 173307, "product": 394}, {"photo": 178173, "product": 395}, {"photo": 307183, "product": 396}, {"photo": 253847, "product": 397}, {"photo": 220781, "product": 398}, {"photo": 220782, "product": 398}, {"photo": 81203, "product": 399}, {"photo": 177869, "product": 400}, {"photo": 117965, "product": 401}, {"photo": 179033, "product": 402}, {"photo": 268235, "product": 403}, {"photo": 267896, "product": 404}, {"photo": 173646, "product": 405}, {"photo": 127278, "product": 406}, {"photo": 179522, "product": 407}, {"photo": 149081, "product": 408}, {"photo": 302051, "product": 409}, {"photo": 177041, "product": 410}, {"photo": 177042, "product": 410}, {"photo": 173873, "product": 411}, {"photo": 173874, "product": 411}, {"photo": 352452, "product": 412}, {"photo": 145508, "product": 413}, {"photo": 267862, "product": 414}, {"photo": 118015, "product": 415}, {"photo": 218407, "product": 416}, {"photo": 218408, "product": 416}, {"photo": 173350, "product": 417}, {"photo": 327189, "product": 418}, {"photo": 327190, "product": 418}, {"photo": 217813, "product": 419}, {"photo": 309254, "product": 420}, {"photo": 48149, "product": 421}, {"photo": 48150, "product": 421}, {"photo": 174798, "product": 422}, {"photo": 117853, "product": 423}, {"photo": 201140, "product": 424}, {"photo": 268230, "product": 425}, {"photo": 173701, "product": 426}, {"photo": 178160, "product": 427}, {"photo": 173394, "product": 428}, {"photo": 117705, "product": 429}, {"photo": 267772, "product": 430}, {"photo": 267771, "product": 430}, {"photo": 267779, "product": 430}, {"photo": 309192, "product": 431}, {"photo": 309191, "product": 431}, {"photo": 179317, "product": 432}, {"photo": 177967, "product": 433}, {"photo": 221122, "product": 434}, {"photo": 173837, "product": 435}, {"photo": 148788, "product": 436}, {"photo": 179214, "product": 437}, {"photo": 117960, "product": 438}, {"photo": 112307, "product": 439}, {"photo": 173991, "product": 440}, {"photo": 177071, "product": 441}, {"photo": 177070, "product": 441}, {"photo": 177966, "product": 442}, {"photo": 174996, "product": 443}, {"photo": 73812, "product": 444}, {"photo": 72176, "product": 445}, {"photo": 115936, "product": 446}, {"photo": 177856, "product": 447}, {"photo": 177854, "product": 447}, {"photo": 174755, "product": 448}, {"photo": 177620, "product": 449}, {"photo": 177622, "product": 449}, {"photo": 178896, "product": 450}, {"photo": 178897, "product": 450}, {"photo": 102139, "product": 451}, {"photo": 174110, "product": 452}, {"photo": 173640, "product": 453}, {"photo": 173637, "product": 453}, {"photo": 173642, "product": 453}, {"photo": 173645, "product": 453}, {"photo": 85972, "product": 454}, {"photo": 85973, "product": 454}, {"photo": 85974, "product": 454}, {"photo": 174949, "product": 455}, {"photo": 174947, "product": 455}, {"photo": 179231, "product": 456}, {"photo": 53616, "product": 457}, {"photo": 53617, "product": 457}, {"photo": 87421, "product": 458}, {"photo": 87422, "product": 458}, {"photo": 87423, "product": 458}, {"photo": 178560, "product": 459}, {"photo": 161795, "product": 460}, {"photo": 177769, "product": 461}, {"photo": 147335, "product": 462}, {"photo": 115869, "product": 463}, {"photo": 111728, "product": 464}, {"photo": 77360, "product": 465}, {"photo": 77361, "product": 465}, {"photo": 267877, "product": 466}, {"photo": 253580, "product": 467}, {"photo": 180689, "product": 468}, {"photo": 180688, "product": 468}, {"photo": 180685, "product": 468}, {"photo": 267848, "product": 469}, {"photo": 267847, "product": 469}, {"photo": 268358, "product": 470}, {"photo": 268357, "product": 470}, {"photo": 268421, "product": 471}, {"photo": 268422, "product": 471}, {"photo": 145646, "product": 472}, {"photo": 268227, "product": 473}, {"photo": 174423, "product": 474}, {"photo": 174152, "product": 475}, {"photo": 174154, "product": 475}, {"photo": 267816, "product": 476}, {"photo": 267815, "product": 476}, {"photo": 177804, "product": 477}, {"photo": 177803, "product": 477}, {"photo": 180060, "product": 478}, {"photo": 421366, "product": 479}, {"photo": 117970, "product": 480}, {"photo": 39427, "product": 481}, {"photo": 39428, "product": 481}, {"photo": 39429, "product": 481}, {"photo": 146448, "product": 482}, {"photo": 178818, "product": 483}, {"photo": 66760, "product": 484}, {"photo": 66761, "product": 484}, {"photo": 423681, "product": 485}, {"photo": 423680, "product": 485}, {"photo": 178321, "product": 486}, {"photo": 73747, "product": 487}, {"photo": 38939, "product": 488}, {"photo": 38940, "product": 488}, {"photo": 26088, "product": 489}, {"photo": 26089, "product": 489}, {"photo": 117880, "product": 490}, {"photo": 268295, "product": 491}, {"photo": 73014, "product": 492}, {"photo": 174068, "product": 493}, {"photo": 125240, "product": 494}, {"photo": 177422, "product": 495}, {"photo": 177220, "product": 496}, {"photo": 177219, "product": 496}, {"photo": 399671, "product": 497}, {"photo": 117923, "product": 498}, {"photo": 117924, "product": 498}, {"photo": 175511, "product": 499}, {"photo": 174912, "product": 500}, {"photo": 175592, "product": 501}, {"photo": 175591, "product": 501}, {"photo": 216928, "product": 502}, {"photo": 216927, "product": 502}, {"photo": 323419, "product": 503}, {"photo": 48403, "product": 504}, {"photo": 48404, "product": 504}, {"photo": 302363, "product": 505}, {"photo": 302361, "product": 505}, {"photo": 327050, "product": 506}, {"photo": 267769, "product": 507}, {"photo": 267770, "product": 507}, {"photo": 178149, "product": 508}, {"photo": 178148, "product": 508}, {"photo": 338838, "product": 509}, {"photo": 85146, "product": 510}, {"photo": 85147, "product": 510}, {"photo": 85148, "product": 510}, {"photo": 85149, "product": 510}, {"photo": 201453, "product": 511}, {"photo": 174982, "product": 512}, {"photo": 302086, "product": 513}, {"photo": 178358, "product": 514}, {"photo": 47705, "product": 515}, {"photo": 47706, "product": 515}, {"photo": 101354, "product": 516}, {"photo": 173129, "product": 517}, {"photo": 173728, "product": 518}, {"photo": 179835, "product": 519}, {"photo": 173561, "product": 520}, {"photo": 421555, "product": 521}, {"photo": 179323, "product": 522}, {"photo": 173903, "product": 523}, {"photo": 178515, "product": 524}, {"photo": 178514, "product": 524}, {"photo": 177825, "product": 525}, {"photo": 220703, "product": 526}, {"photo": 180184, "product": 527}, {"photo": 180186, "product": 527}, {"photo": 173232, "product": 528}, {"photo": 72614, "product": 529}, {"photo": 68244, "product": 530}, {"photo": 68245, "product": 530}, {"photo": 178283, "product": 531}, {"photo": 178282, "product": 531}, {"photo": 218307, "product": 532}, {"photo": 309260, "product": 533}, {"photo": 219760, "product": 534}, {"photo": 73959, "product": 535}, {"photo": 268459, "product": 536}, {"photo": 268263, "product": 537}, {"photo": 55309, "product": 538}, {"photo": 55310, "product": 538}, {"photo": 178881, "product": 539}, {"photo": 177748, "product": 540}, {"photo": 117893, "product": 541}, {"photo": 178156, "product": 542}, {"photo": 178157, "product": 542}, {"photo": 178155, "product": 542}, {"photo": 177502, "product": 543}, {"photo": 268719, "product": 544}, {"photo": 145821, "product": 545}, {"photo": 117942, "product": 546}, {"photo": 175516, "product": 547}, {"photo": 72720, "product": 548}, {"photo": 72721, "product": 548}, {"photo": 399000, "product": 549}, {"photo": 178551, "product": 550}, {"photo": 326727, "product": 551}, {"photo": 326728, "product": 551}, {"photo": 267739, "product": 552}, {"photo": 174116, "product": 553}, {"photo": 23959, "product": 554}, {"photo": 23960, "product": 554}, {"photo": 173997, "product": 555}, {"photo": 338591, "product": 556}, {"photo": 177882, "product": 557}, {"photo": 307117, "product": 558}, {"photo": 178044, "product": 559}, {"photo": 177750, "product": 560}, {"photo": 49215, "product": 561}, {"photo": 49216, "product": 561}, {"photo": 301865, "product": 562}, {"photo": 301867, "product": 562}, {"photo": 268260, "product": 563}, {"photo": 364783, "product": 564}, {"photo": 267843, "product": 565}, {"photo": 174955, "product": 566}, {"photo": 174575, "product": 567}, {"photo": 81178, "product": 568}, {"photo": 81179, "product": 568}, {"photo": 173131, "product": 569}, {"photo": 82880, "product": 570}, {"photo": 220014, "product": 571}, {"photo": 267968, "product": 572}, {"photo": 177796, "product": 573}, {"photo": 118025, "product": 574}, {"photo": 100139, "product": 575}, {"photo": 100140, "product": 575}, {"photo": 267895, "product": 576}, {"photo": 173935, "product": 577}, {"photo": 267885, "product": 578}, {"photo": 173794, "product": 579}, {"photo": 173796, "product": 579}, {"photo": 173795, "product": 579}, {"photo": 117847, "product": 580}, {"photo": 47948, "product": 581}, {"photo": 47949, "product": 581}, {"photo": 90607, "product": 582}, {"photo": 90608, "product": 582}, {"photo": 174175, "product": 583}, {"photo": 268143, "product": 584}, {"photo": 177713, "product": 585}, {"photo": 220696, "product": 586}, {"photo": 364729, "product": 587}, {"photo": 174813, "product": 588}, {"photo": 178375, "product": 589}, {"photo": 364936, "product": 590}, {"photo": 268236, "product": 591}, {"photo": 268237, "product": 591}, {"photo": 338852, "product": 592}, {"photo": 338850, "product": 592}, {"photo": 338854, "product": 592}, {"photo": 338851, "product": 592}, {"photo": 74837, "product": 593}, {"photo": 307292, "product": 594}, {"photo": 174149, "product": 595}, {"photo": 364744, "product": 596}, {"photo": 268281, "product": 597}, {"photo": 301669, "product": 598}, {"photo": 103786, "product": 599}, {"photo": 180416, "product": 600}, {"photo": 100204, "product": 601}, {"photo": 100205, "product": 601}, {"photo": 115647, "product": 602}, {"photo": 173523, "product": 603}, {"photo": 125723, "product": 604}, {"photo": 132236, "product": 605}, {"photo": 180591, "product": 606}, {"photo": 180590, "product": 606}, {"photo": 180592, "product": 606}, {"photo": 148760, "product": 607}, {"photo": 145930, "product": 608}, {"photo": 145698, "product": 609}, {"photo": 145703, "product": 609}, {"photo": 178707, "product": 610}, {"photo": 268071, "product": 611}, {"photo": 268392, "product": 612}, {"photo": 220023, "product": 613}, {"photo": 338984, "product": 614}, {"photo": 421805, "product": 615}, {"photo": 421804, "product": 615}, {"photo": 200965, "product": 616}, {"photo": 200964, "product": 616}, {"photo": 177159, "product": 617}, {"photo": 423716, "product": 618}, {"photo": 307311, "product": 619}, {"photo": 365134, "product": 620}, {"photo": 268192, "product": 621}, {"photo": 200283, "product": 622}, {"photo": 49767, "product": 623}, {"photo": 49768, "product": 623}, {"photo": 80387, "product": 624}, {"photo": 80389, "product": 624}, {"photo": 80390, "product": 624}, {"photo": 80391, "product": 624}, {"photo": 80392, "product": 624}, {"photo": 97841, "product": 624}, {"photo": 63685, "product": 625}, {"photo": 63686, "product": 625}, {"photo": 200107, "product": 626}, {"photo": 268003, "product": 627}, {"photo": 177687, "product": 628}, {"photo": 83677, "product": 629}, {"photo": 83678, "product": 629}, {"photo": 83679, "product": 629}, {"photo": 125089, "product": 630}, {"photo": 174723, "product": 631}, {"photo": 174722, "product": 631}, {"photo": 268753, "product": 632}, {"photo": 179680, "product": 633}, {"photo": 173819, "product": 634}, {"photo": 173822, "product": 634}, {"photo": 49408, "product": 635}, {"photo": 49409, "product": 635}, {"photo": 174186, "product": 636}, {"photo": 268155, "product": 637}, {"photo": 178859, "product": 638}, {"photo": 177497, "product": 639}, {"photo": 73140, "product": 640}, {"photo": 330677, "product": 641}, {"photo": 330676, "product": 641}, {"photo": 268073, "product": 642}, {"photo": 173575, "product": 643}, {"photo": 173576, "product": 643}, {"photo": 338147, "product": 644}, {"photo": 49681, "product": 645}, {"photo": 49682, "product": 645}, {"photo": 267876, "product": 646}, {"photo": 177931, "product": 647}, {"photo": 177930, "product": 647}, {"photo": 268480, "product": 648}, {"photo": 268342, "product": 649}, {"photo": 268343, "product": 649}, {"photo": 173499, "product": 650}, {"photo": 268257, "product": 651}, {"photo": 268258, "product": 651}, {"photo": 174176, "product": 652}, {"photo": 174344, "product": 653}, {"photo": 174343, "product": 653}, {"photo": 73041, "product": 654}, {"photo": 180093, "product": 655}, {"photo": 180094, "product": 655}, {"photo": 173914, "product": 656}, {"photo": 178167, "product": 657}, {"photo": 177550, "product": 658}, {"photo": 177549, "product": 658}, {"photo": 174003, "product": 659}, {"photo": 267990, "product": 660}, {"photo": 267991, "product": 660}, {"photo": 221497, "product": 661}, {"photo": 115612, "product": 662}, {"photo": 268606, "product": 663}, {"photo": 201093, "product": 664}, {"photo": 173698, "product": 665}, {"photo": 173697, "product": 665}, {"photo": 268191, "product": 666}, {"photo": 253292, "product": 667}, {"photo": 49046, "product": 668}, {"photo": 49047, "product": 668}, {"photo": 268396, "product": 669}, {"photo": 268399, "product": 669}, {"photo": 268394, "product": 669}, {"photo": 100167, "product": 670}, {"photo": 100169, "product": 670}, {"photo": 205161, "product": 671}, {"photo": 174129, "product": 672}, {"photo": 338696, "product": 673}, {"photo": 178351, "product": 674}, {"photo": 178197, "product": 675}, {"photo": 319127, "product": 676}, {"photo": 115759, "product": 677}, {"photo": 48595, "product": 678}, {"photo": 48596, "product": 678}, {"photo": 117938, "product": 679}, {"photo": 174795, "product": 680}, {"photo": 174796, "product": 680}, {"photo": 173949, "product": 681}, {"photo": 173950, "product": 681}, {"photo": 173951, "product": 681}, {"photo": 173948, "product": 681}, {"photo": 174788, "product": 682}, {"photo": 65066, "product": 683}, {"photo": 65067, "product": 683}, {"photo": 65068, "product": 683}, {"photo": 267941, "product": 684}, {"photo": 267942, "product": 684}, {"photo": 162516, "product": 685}, {"photo": 177907, "product": 686}, {"photo": 73311, "product": 687}, {"photo": 73312, "product": 687}, {"photo": 73313, "product": 687}, {"photo": 148646, "product": 688}, {"photo": 31169, "product": 689}, {"photo": 31170, "product": 689}, {"photo": 179259, "product": 690}, {"photo": 179260, "product": 690}, {"photo": 117973, "product": 691}, {"photo": 51068, "product": 692}, {"photo": 51069, "product": 692}, {"photo": 51070, "product": 692}, {"photo": 267306, "product": 693}, {"photo": 267305, "product": 693}, {"photo": 267308, "product": 693}, {"photo": 125277, "product": 694}, {"photo": 176967, "product": 695}, {"photo": 268356, "product": 696}, {"photo": 318958, "product": 697}, {"photo": 125251, "product": 698}, {"photo": 268231, "product": 699}, {"photo": 352385, "product": 700}, {"photo": 173831, "product": 700}, {"photo": 132370, "product": 701}, {"photo": 177520, "product": 702}, {"photo": 179407, "product": 703}, {"photo": 117936, "product": 704}, {"photo": 179523, "product": 705}, {"photo": 174769, "product": 706}, {"photo": 174474, "product": 707}, {"photo": 174475, "product": 707}, {"photo": 174472, "product": 707}, {"photo": 174473, "product": 707}, {"photo": 117908, "product": 708}, {"photo": 178618, "product": 709}, {"photo": 219746, "product": 710}, {"photo": 148974, "product": 711}, {"photo": 219609, "product": 712}, {"photo": 32488, "product": 713}, {"photo": 32489, "product": 713}, {"photo": 115962, "product": 714}, {"photo": 177514, "product": 715}, {"photo": 179981, "product": 716}, {"photo": 148877, "product": 717}, {"photo": 148876, "product": 717}, {"photo": 177607, "product": 718}, {"photo": 221026, "product": 719}, {"photo": 338925, "product": 720}, {"photo": 132208, "product": 721}, {"photo": 132209, "product": 721}, {"photo": 177807, "product": 722}, {"photo": 267713, "product": 723}, {"photo": 267967, "product": 724}, {"photo": 253436, "product": 725}, {"photo": 178273, "product": 726}, {"photo": 338973, "product": 727}, {"photo": 338974, "product": 727}, {"photo": 338975, "product": 727}, {"photo": 75470, "product": 728}, {"photo": 75471, "product": 728}, {"photo": 75472, "product": 728}, {"photo": 75473, "product": 728}, {"photo": 75474, "product": 728}, {"photo": 174045, "product": 729}, {"photo": 174044, "product": 729}, {"photo": 103597, "product": 730}, {"photo": 268180, "product": 731}, {"photo": 117909, "product": 732}, {"photo": 178278, "product": 733}, {"photo": 338572, "product": 734}, {"photo": 178677, "product": 735}, {"photo": 173594, "product": 736}, {"photo": 173595, "product": 736}, {"photo": 364978, "product": 737}, {"photo": 125194, "product": 738}, {"photo": 249586, "product": 739}, {"photo": 178311, "product": 740}, {"photo": 174313, "product": 741}, {"photo": 174315, "product": 741}, {"photo": 364927, "product": 742}, {"photo": 364926, "product": 742}, {"photo": 174225, "product": 743}, {"photo": 115753, "product": 744}, {"photo": 177942, "product": 745}, {"photo": 177940, "product": 745}, {"photo": 177941, "product": 745}, {"photo": 177938, "product": 745}, {"photo": 177943, "product": 745}, {"photo": 374812, "product": 746}, {"photo": 338744, "product": 747}, {"photo": 179087, "product": 748}, {"photo": 83586, "product": 749}, {"photo": 83587, "product": 749}, {"photo": 83588, "product": 749}, {"photo": 173433, "product": 750}, {"photo": 338907, "product": 751}, {"photo": 338908, "product": 751}, {"photo": 173308, "product": 752}, {"photo": 364722, "product": 753}, {"photo": 364727, "product": 753}, {"photo": 178042, "product": 754}, {"photo": 178043, "product": 754}, {"photo": 173671, "product": 755}, {"photo": 173672, "product": 755}, {"photo": 178281, "product": 756}, {"photo": 39464, "product": 757}, {"photo": 39465, "product": 757}, {"photo": 268084, "product": 758}, {"photo": 173269, "product": 759}, {"photo": 267882, "product": 760}, {"photo": 267854, "product": 761}, {"photo": 267851, "product": 761}, {"photo": 267852, "product": 761}, {"photo": 221470, "product": 762}, {"photo": 146717, "product": 763}, {"photo": 117977, "product": 764}, {"photo": 173393, "product": 765}, {"photo": 178536, "product": 766}, {"photo": 178537, "product": 766}, {"photo": 267866, "product": 767}, {"photo": 267865, "product": 767}, {"photo": 267867, "product": 767}, {"photo": 48487, "product": 768}, {"photo": 48488, "product": 768}, {"photo": 127651, "product": 769}, {"photo": 23464, "product": 770}, {"photo": 23466, "product": 770}, {"photo": 23469, "product": 770}, {"photo": 23472, "product": 770}, {"photo": 81056, "product": 771}, {"photo": 180189, "product": 772}, {"photo": 180190, "product": 772}, {"photo": 173964, "product": 773}, {"photo": 173962, "product": 773}, {"photo": 267977, "product": 774}, {"photo": 424081, "product": 775}, {"photo": 364740, "product": 776}, {"photo": 268250, "product": 777}, {"photo": 268251, "product": 777}, {"photo": 178899, "product": 778}, {"photo": 248375, "product": 779}, {"photo": 248374, "product": 779}, {"photo": 41668, "product": 780}, {"photo": 41670, "product": 780}, {"photo": 301910, "product": 781}, {"photo": 301911, "product": 781}, {"photo": 179645, "product": 782}, {"photo": 179638, "product": 782}, {"photo": 268072, "product": 783}, {"photo": 115234, "product": 784}, {"photo": 338704, "product": 785}, {"photo": 318836, "product": 786}, {"photo": 178974, "product": 787}, {"photo": 39061, "product": 788}, {"photo": 39062, "product": 788}, {"photo": 39063, "product": 788}, {"photo": 173653, "product": 789}, {"photo": 173652, "product": 789}, {"photo": 218267, "product": 790}, {"photo": 301905, "product": 791}, {"photo": 301908, "product": 791}, {"photo": 177929, "product": 792}, {"photo": 177928, "product": 792}, {"photo": 117890, "product": 793}, {"photo": 75969, "product": 794}, {"photo": 75971, "product": 794}, {"photo": 75972, "product": 794}, {"photo": 75973, "product": 794}, {"photo": 97712, "product": 794}, {"photo": 338814, "product": 795}, {"photo": 267997, "product": 796}, {"photo": 80437, "product": 797}, {"photo": 179812, "product": 798}, {"photo": 174515, "product": 799}, {"photo": 268627, "product": 800}, {"photo": 117940, "product": 801}, {"photo": 117939, "product": 801}, {"photo": 174218, "product": 802}, {"photo": 178797, "product": 803}, {"photo": 178800, "product": 803}, {"photo": 178798, "product": 803}, {"photo": 267720, "product": 804}, {"photo": 267802, "product": 805}, {"photo": 267801, "product": 805}, {"photo": 112137, "product": 806}, {"photo": 112138, "product": 806}, {"photo": 374801, "product": 807}, {"photo": 127100, "product": 808}, {"photo": 117947, "product": 809}, {"photo": 117927, "product": 810}, {"photo": 161113, "product": 811}, {"photo": 177484, "product": 812}, {"photo": 173840, "product": 813}, {"photo": 173841, "product": 813}, {"photo": 178327, "product": 814}, {"photo": 202944, "product": 815}, {"photo": 202942, "product": 815}, {"photo": 202943, "product": 815}, {"photo": 37341, "product": 816}, {"photo": 37342, "product": 816}, {"photo": 302948, "product": 817}, {"photo": 302947, "product": 817}, {"photo": 267651, "product": 818}, {"photo": 177446, "product": 819}, {"photo": 173824, "product": 820}, {"photo": 173816, "product": 820}, {"photo": 173820, "product": 820}, {"photo": 173823, "product": 820}, {"photo": 173817, "product": 820}, {"photo": 174178, "product": 821}, {"photo": 174179, "product": 821}, {"photo": 73703, "product": 822}, {"photo": 178369, "product": 823}, {"photo": 178370, "product": 823}, {"photo": 267986, "product": 824}, {"photo": 267987, "product": 824}, {"photo": 267750, "product": 825}, {"photo": 319953, "product": 826}, {"photo": 173588, "product": 827}, {"photo": 112497, "product": 828}, {"photo": 112499, "product": 828}, {"photo": 116049, "product": 829}, {"photo": 178378, "product": 830}, {"photo": 180119, "product": 831}, {"photo": 180118, "product": 831}, {"photo": 268197, "product": 832}, {"photo": 149204, "product": 833}, {"photo": 338861, "product": 834}, {"photo": 268165, "product": 835}, {"photo": 268166, "product": 835}, {"photo": 177818, "product": 836}, {"photo": 177817, "product": 836}, {"photo": 177417, "product": 837}, {"photo": 177418, "product": 837}, {"photo": 179925, "product": 838}, {"photo": 424378, "product": 839}, {"photo": 173851, "product": 840}, {"photo": 173848, "product": 840}, {"photo": 173849, "product": 840}, {"photo": 173846, "product": 840}, {"photo": 217829, "product": 841}, {"photo": 177762, "product": 842}, {"photo": 177763, "product": 842}, {"photo": 267948, "product": 843}, {"photo": 205826, "product": 844}, {"photo": 205827, "product": 844}, {"photo": 175204, "product": 845}, {"photo": 177672, "product": 846}, {"photo": 177674, "product": 846}, {"photo": 218087, "product": 847}, {"photo": 218086, "product": 847}, {"photo": 218085, "product": 847}, {"photo": 338687, "product": 848}, {"photo": 326593, "product": 849}, {"photo": 73829, "product": 850}, {"photo": 87596, "product": 851}, {"photo": 87597, "product": 851}, {"photo": 87598, "product": 851}, {"photo": 87599, "product": 851}, {"photo": 178301, "product": 852}, {"photo": 178300, "product": 852}, {"photo": 174301, "product": 853}, {"photo": 174302, "product": 853}, {"photo": 80754, "product": 854}, {"photo": 80755, "product": 854}, {"photo": 179375, "product": 855}, {"photo": 179376, "product": 855}, {"photo": 56718, "product": 856}, {"photo": 56720, "product": 856}, {"photo": 173691, "product": 857}, {"photo": 173693, "product": 857}, {"photo": 173692, "product": 857}, {"photo": 115838, "product": 858}, {"photo": 225452, "product": 859}, {"photo": 50126, "product": 860}, {"photo": 50128, "product": 860}, {"photo": 50130, "product": 860}, {"photo": 174298, "product": 861}, {"photo": 173864, "product": 862}, {"photo": 173506, "product": 863}, {"photo": 179614, "product": 864}, {"photo": 179615, "product": 864}, {"photo": 179608, "product": 864}, {"photo": 179613, "product": 864}, {"photo": 175171, "product": 865}, {"photo": 175172, "product": 865}, {"photo": 175173, "product": 865}, {"photo": 175166, "product": 865}, {"photo": 338514, "product": 866}, {"photo": 164372, "product": 867}, {"photo": 268124, "product": 868}, {"photo": 338790, "product": 869}, {"photo": 177482, "product": 870}, {"photo": 177483, "product": 870}, {"photo": 421417, "product": 871}, {"photo": 174843, "product": 872}, {"photo": 72473, "product": 873}, {"photo": 103558, "product": 874}, {"photo": 218529, "product": 875}, {"photo": 115839, "product": 876}, {"photo": 303255, "product": 877}, {"photo": 174378, "product": 878}, {"photo": 174376, "product": 878}, {"photo": 302146, "product": 879}, {"photo": 49683, "product": 880}, {"photo": 49684, "product": 880}, {"photo": 421753, "product": 881}, {"photo": 146501, "product": 882}, {"photo": 146499, "product": 882}, {"photo": 177556, "product": 883}, {"photo": 177554, "product": 883}, {"photo": 177560, "product": 883}, {"photo": 177493, "product": 884}, {"photo": 177492, "product": 884}, {"photo": 177494, "product": 884}, {"photo": 73774, "product": 885}, {"photo": 39138, "product": 886}, {"photo": 39139, "product": 886}, {"photo": 89807, "product": 887}, {"photo": 89808, "product": 887}, {"photo": 174220, "product": 888}, {"photo": 174224, "product": 888}, {"photo": 49886, "product": 889}, {"photo": 49888, "product": 889}, {"photo": 97281, "product": 889}, {"photo": 218469, "product": 890}, {"photo": 177473, "product": 891}, {"photo": 173834, "product": 892}, {"photo": 421778, "product": 893}, {"photo": 81086, "product": 894}, {"photo": 268004, "product": 895}, {"photo": 179959, "product": 896}, {"photo": 364743, "product": 897}, {"photo": 117882, "product": 898}, {"photo": 174533, "product": 899}, {"photo": 127506, "product": 900}, {"photo": 267914, "product": 901}, {"photo": 399422, "product": 902}, {"photo": 268391, "product": 903}, {"photo": 173259, "product": 904}, {"photo": 221450, "product": 905}, {"photo": 47658, "product": 906}, {"photo": 179966, "product": 907}, {"photo": 179965, "product": 907}, {"photo": 179969, "product": 908}, {"photo": 179970, "product": 908}, {"photo": 179968, "product": 908}, {"photo": 126850, "product": 909}, {"photo": 178194, "product": 910}, {"photo": 220609, "product": 911}, {"photo": 268217, "product": 912}, {"photo": 268218, "product": 912}, {"photo": 177290, "product": 913}, {"photo": 302543, "product": 914}, {"photo": 178573, "product": 915}, {"photo": 178562, "product": 915}, {"photo": 173739, "product": 916}, {"photo": 174190, "product": 917}, {"photo": 174189, "product": 917}, {"photo": 39356, "product": 918}, {"photo": 39357, "product": 918}, {"photo": 267695, "product": 919}, {"photo": 267693, "product": 919}, {"photo": 72877, "product": 920}, {"photo": 173798, "product": 921}, {"photo": 173799, "product": 921}, {"photo": 52250, "product": 922}, {"photo": 52251, "product": 922}, {"photo": 331004, "product": 923}, {"photo": 331005, "product": 923}, {"photo": 326810, "product": 924}, {"photo": 173601, "product": 925}, {"photo": 173600, "product": 925}, {"photo": 174191, "product": 926}, {"photo": 53356, "product": 927}, {"photo": 53357, "product": 927}, {"photo": 179476, "product": 928}, {"photo": 179475, "product": 928}, {"photo": 99501, "product": 929}, {"photo": 99502, "product": 929}, {"photo": 302179, "product": 930}, {"photo": 117875, "product": 931}, {"photo": 43196, "product": 932}, {"photo": 43197, "product": 932}, {"photo": 43198, "product": 932}, {"photo": 217771, "product": 933}, {"photo": 177726, "product": 934}, {"photo": 177725, "product": 934}, {"photo": 364824, "product": 935}, {"photo": 364825, "product": 935}, {"photo": 173963, "product": 936}, {"photo": 174673, "product": 937}, {"photo": 65585, "product": 938}, {"photo": 65586, "product": 938}, {"photo": 72856, "product": 939}, {"photo": 117834, "product": 940}, {"photo": 117903, "product": 941}, {"photo": 117902, "product": 941}, {"photo": 302137, "product": 942}, {"photo": 307162, "product": 943}, {"photo": 326567, "product": 944}, {"photo": 268329, "product": 945}, {"photo": 178363, "product": 946}, {"photo": 177972, "product": 947}, {"photo": 126839, "product": 948}, {"photo": 249201, "product": 949}, {"photo": 338918, "product": 950}, {"photo": 75133, "product": 951}, {"photo": 177650, "product": 952}, {"photo": 177649, "product": 952}, {"photo": 174340, "product": 953}, {"photo": 302181, "product": 954}, {"photo": 174133, "product": 955}, {"photo": 268201, "product": 956}, {"photo": 48066, "product": 957}, {"photo": 48067, "product": 957}, {"photo": 178669, "product": 958}, {"photo": 178668, "product": 958}, {"photo": 178955, "product": 959}, {"photo": 178956, "product": 959}, {"photo": 338853, "product": 960}, {"photo": 173686, "product": 961}, {"photo": 309144, "product": 962}, {"photo": 126313, "product": 963}, {"photo": 338771, "product": 964}, {"photo": 302119, "product": 965}, {"photo": 302117, "product": 965}, {"photo": 149033, "product": 966}, {"photo": 338708, "product": 967}, {"photo": 179675, "product": 968}, {"photo": 173189, "product": 969}, {"photo": 173190, "product": 969}, {"photo": 173774, "product": 970}, {"photo": 303087, "product": 971}, {"photo": 303088, "product": 971}, {"photo": 68643, "product": 972}, {"photo": 68644, "product": 972}, {"photo": 149179, "product": 973}, {"photo": 268445, "product": 974}, {"photo": 115931, "product": 975}, {"photo": 160941, "product": 976}, {"photo": 146042, "product": 977}, {"photo": 146043, "product": 977}, {"photo": 177746, "product": 978}, {"photo": 339067, "product": 979}, {"photo": 173514, "product": 980}, {"photo": 147290, "product": 981}, {"photo": 177795, "product": 982}, {"photo": 49584, "product": 983}, {"photo": 49585, "product": 983}, {"photo": 178392, "product": 984}, {"photo": 268397, "product": 985}, {"photo": 268398, "product": 985}, {"photo": 39126, "product": 986}, {"photo": 39127, "product": 986}, {"photo": 173208, "product": 987}, {"photo": 268415, "product": 988}, {"photo": 338891, "product": 989}, {"photo": 338889, "product": 989}, {"photo": 338888, "product": 989}, {"photo": 338890, "product": 989}, {"photo": 258022, "product": 990}, {"photo": 258025, "product": 990}, {"photo": 268105, "product": 991}, {"photo": 179184, "product": 992}, {"photo": 268077, "product": 993}, {"photo": 179704, "product": 994}, {"photo": 174001, "product": 995}, {"photo": 37574, "product": 996}, {"photo": 37575, "product": 996}, {"photo": 86869, "product": 997}, {"photo": 86870, "product": 997}, {"photo": 174935, "product": 998}, {"photo": 268093, "product": 999}, {"photo": 248614, "product": 1000}, {"photo": 175215, "product": 1001}, {"photo": 268088, "product": 1002}, {"photo": 177996, "product": 1003}, {"photo": 413003, "product": 1004}, {"photo": 178456, "product": 1005}, {"photo": 399530, "product": 1006}, {"photo": 338358, "product": 1007}, {"photo": 178762, "product": 1008}, {"photo": 219306, "product": 1009}, {"photo": 60977, "product": 1010}, {"photo": 60978, "product": 1010}, {"photo": 177500, "product": 1011}, {"photo": 178774, "product": 1012}, {"photo": 200685, "product": 1013}, {"photo": 200686, "product": 1013}, {"photo": 174824, "product": 1014}, {"photo": 174825, "product": 1014}, {"photo": 178565, "product": 1015}, {"photo": 222798, "product": 1016}, {"photo": 267767, "product": 1017}, {"photo": 267766, "product": 1017}, {"photo": 178616, "product": 1018}, {"photo": 178615, "product": 1018}, {"photo": 412481, "product": 1019}, {"photo": 177076, "product": 1020}, {"photo": 338887, "product": 1021}, {"photo": 101210, "product": 1022}, {"photo": 101212, "product": 1022}, {"photo": 177788, "product": 1023}, {"photo": 118009, "product": 1024}, {"photo": 177287, "product": 1025}, {"photo": 148996, "product": 1026}, {"photo": 148995, "product": 1026}, {"photo": 115740, "product": 1027}, {"photo": 178671, "product": 1028}, {"photo": 268120, "product": 1029}, {"photo": 302311, "product": 1030}, {"photo": 73623, "product": 1031}, {"photo": 173622, "product": 1032}, {"photo": 173621, "product": 1032}, {"photo": 73764, "product": 1033}, {"photo": 178862, "product": 1034}, {"photo": 174639, "product": 1035}, {"photo": 118002, "product": 1036}, {"photo": 179303, "product": 1037}, {"photo": 130706, "product": 1038}, {"photo": 130705, "product": 1038}, {"photo": 115926, "product": 1039}, {"photo": 268705, "product": 1040}, {"photo": 145895, "product": 1041}, {"photo": 330652, "product": 1042}, {"photo": 330651, "product": 1042}, {"photo": 219429, "product": 1043}, {"photo": 81979, "product": 1044}, {"photo": 81980, "product": 1044}, {"photo": 177844, "product": 1045}, {"photo": 338657, "product": 1046}, {"photo": 177424, "product": 1047}, {"photo": 177428, "product": 1047}, {"photo": 177423, "product": 1047}, {"photo": 177426, "product": 1047}, {"photo": 82512, "product": 1048}, {"photo": 221036, "product": 1049}, {"photo": 178033, "product": 1050}, {"photo": 178034, "product": 1050}, {"photo": 338762, "product": 1051}, {"photo": 177877, "product": 1052}, {"photo": 177876, "product": 1052}, {"photo": 178703, "product": 1053}, {"photo": 178705, "product": 1053}, {"photo": 423720, "product": 1054}, {"photo": 117860, "product": 1055}, {"photo": 179057, "product": 1056}, {"photo": 218842, "product": 1057}, {"photo": 309204, "product": 1058}, {"photo": 267830, "product": 1059}, {"photo": 267832, "product": 1059}, {"photo": 267831, "product": 1059}, {"photo": 421732, "product": 1060}, {"photo": 174781, "product": 1061}, {"photo": 217577, "product": 1062}, {"photo": 159826, "product": 1063}, {"photo": 178213, "product": 1064}, {"photo": 268208, "product": 1065}, {"photo": 267812, "product": 1066}, {"photo": 268102, "product": 1067}, {"photo": 177987, "product": 1068}, {"photo": 177988, "product": 1068}, {"photo": 117884, "product": 1069}, {"photo": 268157, "product": 1070}, {"photo": 68234, "product": 1071}, {"photo": 68236, "product": 1071}, {"photo": 88456, "product": 1072}, {"photo": 88457, "product": 1072}, {"photo": 88458, "product": 1072}, {"photo": 178665, "product": 1073}, {"photo": 179912, "product": 1074}, {"photo": 52059, "product": 1075}, {"photo": 52060, "product": 1075}, {"photo": 52061, "product": 1075}, {"photo": 327144, "product": 1076}, {"photo": 82144, "product": 1077}, {"photo": 115968, "product": 1078}, {"photo": 178290, "product": 1079}, {"photo": 73831, "product": 1080}, {"photo": 268123, "product": 1081}, {"photo": 268127, "product": 1082}, {"photo": 148975, "product": 1083}, {"photo": 268066, "product": 1084}, {"photo": 164841, "product": 1085}, {"photo": 268278, "product": 1086}, {"photo": 268279, "product": 1086}, {"photo": 268280, "product": 1086}, {"photo": 174589, "product": 1087}, {"photo": 173617, "product": 1088}, {"photo": 173616, "product": 1088}, {"photo": 173618, "product": 1088}, {"photo": 174408, "product": 1089}, {"photo": 126857, "product": 1090}, {"photo": 179058, "product": 1091}, {"photo": 179534, "product": 1092}, {"photo": 177980, "product": 1093}, {"photo": 165205, "product": 1094}, {"photo": 148835, "product": 1095}, {"photo": 148836, "product": 1095}, {"photo": 301557, "product": 1096}, {"photo": 173034, "product": 1097}, {"photo": 48238, "product": 1098}, {"photo": 48239, "product": 1098}, {"photo": 115975, "product": 1099}, {"photo": 146394, "product": 1100}, {"photo": 178424, "product": 1101}, {"photo": 173993, "product": 1102}, {"photo": 173994, "product": 1102}, {"photo": 115579, "product": 1103}, {"photo": 177858, "product": 1104}, {"photo": 127318, "product": 1105}, {"photo": 174065, "product": 1106}, {"photo": 174066, "product": 1106}, {"photo": 177805, "product": 1107}, {"photo": 117818, "product": 1108}, {"photo": 173612, "product": 1109}, {"photo": 200169, "product": 1110}, {"photo": 178417, "product": 1111}, {"photo": 201088, "product": 1112}, {"photo": 201089, "product": 1112}, {"photo": 268026, "product": 1113}, {"photo": 117879, "product": 1114}, {"photo": 117878, "product": 1114}, {"photo": 222562, "product": 1115}, {"photo": 253857, "product": 1116}, {"photo": 147237, "product": 1117}, {"photo": 173858, "product": 1118}, {"photo": 173438, "product": 1119}, {"photo": 338899, "product": 1120}, {"photo": 338900, "product": 1120}, {"photo": 267773, "product": 1121}, {"photo": 216908, "product": 1122}, {"photo": 421839, "product": 1123}, {"photo": 178097, "product": 1124}, {"photo": 203186, "product": 1125}, {"photo": 51864, "product": 1126}, {"photo": 51865, "product": 1126}, {"photo": 102702, "product": 1127}, {"photo": 338742, "product": 1128}, {"photo": 176941, "product": 1129}, {"photo": 119800, "product": 1130}, {"photo": 326990, "product": 1131}, {"photo": 326991, "product": 1131}, {"photo": 219015, "product": 1132}, {"photo": 267394, "product": 1133}, {"photo": 81821, "product": 1134}, {"photo": 81822, "product": 1134}, {"photo": 81823, "product": 1134}, {"photo": 81824, "product": 1134}, {"photo": 173706, "product": 1135}, {"photo": 173884, "product": 1136}, {"photo": 173885, "product": 1136}, {"photo": 173887, "product": 1136}, {"photo": 117868, "product": 1137}, {"photo": 178306, "product": 1138}, {"photo": 267673, "product": 1139}, {"photo": 267674, "product": 1139}, {"photo": 177533, "product": 1140}, {"photo": 177799, "product": 1141}, {"photo": 178086, "product": 1142}, {"photo": 127491, "product": 1143}, {"photo": 148786, "product": 1144}, {"photo": 125648, "product": 1145}, {"photo": 178288, "product": 1146}, {"photo": 338930, "product": 1147}, {"photo": 178545, "product": 1148}, {"photo": 174687, "product": 1149}, {"photo": 38876, "product": 1150}, {"photo": 174850, "product": 1151}, {"photo": 216350, "product": 1152}, {"photo": 268149, "product": 1153}, {"photo": 268151, "product": 1153}, {"photo": 319039, "product": 1154}, {"photo": 267985, "product": 1155}, {"photo": 218129, "product": 1156}, {"photo": 218128, "product": 1156}, {"photo": 218130, "product": 1156}, {"photo": 115961, "product": 1157}, {"photo": 178387, "product": 1158}, {"photo": 267956, "product": 1159}, {"photo": 125257, "product": 1160}, {"photo": 77039, "product": 1161}, {"photo": 77041, "product": 1161}, {"photo": 77043, "product": 1161}, {"photo": 100536, "product": 1162}, {"photo": 100537, "product": 1162}, {"photo": 173397, "product": 1163}, {"photo": 326976, "product": 1164}, {"photo": 267871, "product": 1165}, {"photo": 173647, "product": 1166}, {"photo": 173648, "product": 1166}, {"photo": 217562, "product": 1167}, {"photo": 217561, "product": 1167}, {"photo": 268493, "product": 1168}, {"photo": 47986, "product": 1169}, {"photo": 47987, "product": 1169}, {"photo": 177645, "product": 1170}, {"photo": 177646, "product": 1170}, {"photo": 174294, "product": 1171}, {"photo": 174293, "product": 1171}, {"photo": 173487, "product": 1172}, {"photo": 173486, "product": 1172}, {"photo": 352376, "product": 1173}, {"photo": 267741, "product": 1174}, {"photo": 117856, "product": 1175}, {"photo": 178233, "product": 1176}, {"photo": 130812, "product": 1177}, {"photo": 399278, "product": 1178}, {"photo": 307004, "product": 1179}, {"photo": 22635, "product": 1180}, {"photo": 22636, "product": 1180}, {"photo": 330661, "product": 1181}, {"photo": 125320, "product": 1182}, {"photo": 115249, "product": 1183}, {"photo": 175476, "product": 1184}, {"photo": 203303, "product": 1185}, {"photo": 20289, "product": 1186}, {"photo": 20290, "product": 1186}, {"photo": 20291, "product": 1186}, {"photo": 20292, "product": 1186}, {"photo": 146029, "product": 1187}, {"photo": 178433, "product": 1188}, {"photo": 125161, "product": 1189}, {"photo": 126899, "product": 1190}, {"photo": 104206, "product": 1191}, {"photo": 267853, "product": 1192}, {"photo": 177820, "product": 1193}, {"photo": 173859, "product": 1194}, {"photo": 177505, "product": 1195}, {"photo": 83753, "product": 1196}, {"photo": 83754, "product": 1196}, {"photo": 83755, "product": 1196}, {"photo": 127370, "product": 1197}, {"photo": 115665, "product": 1198}, {"photo": 145768, "product": 1199}, {"photo": 174098, "product": 1200}, {"photo": 364710, "product": 1201}, {"photo": 146693, "product": 1202}, {"photo": 98252, "product": 1203}, {"photo": 174495, "product": 1204}, {"photo": 49848, "product": 1205}, {"photo": 49849, "product": 1205}, {"photo": 112493, "product": 1206}, {"photo": 175156, "product": 1207}, {"photo": 125378, "product": 1208}, {"photo": 148695, "product": 1209}, {"photo": 117850, "product": 1210}, {"photo": 117851, "product": 1210}, {"photo": 178943, "product": 1211}, {"photo": 178942, "product": 1211}, {"photo": 49556, "product": 1212}, {"photo": 49557, "product": 1212}, {"photo": 126379, "product": 1213}, {"photo": 250200, "product": 1214}, {"photo": 178803, "product": 1215}, {"photo": 178801, "product": 1215}, {"photo": 178802, "product": 1215}, {"photo": 178805, "product": 1215}, {"photo": 178807, "product": 1215}, {"photo": 174791, "product": 1216}, {"photo": 174790, "product": 1216}, {"photo": 179261, "product": 1217}, {"photo": 178591, "product": 1218}, {"photo": 179877, "product": 1219}, {"photo": 178428, "product": 1220}, {"photo": 178425, "product": 1220}, {"photo": 178426, "product": 1220}, {"photo": 338906, "product": 1221}, {"photo": 338905, "product": 1221}, {"photo": 179971, "product": 1222}, {"photo": 178132, "product": 1223}, {"photo": 174819, "product": 1224}, {"photo": 173868, "product": 1225}, {"photo": 220125, "product": 1226}, {"photo": 220127, "product": 1226}, {"photo": 352148, "product": 1227}, {"photo": 161816, "product": 1228}, {"photo": 177778, "product": 1229}, {"photo": 177775, "product": 1229}, {"photo": 302447, "product": 1230}, {"photo": 326656, "product": 1231}, {"photo": 48828, "product": 1232}, {"photo": 48829, "product": 1232}, {"photo": 174759, "product": 1233}, {"photo": 174760, "product": 1233}, {"photo": 223129, "product": 1234}, {"photo": 115980, "product": 1235}, {"photo": 174826, "product": 1236}, {"photo": 65959, "product": 1237}, {"photo": 65960, "product": 1237}, {"photo": 65961, "product": 1237}, {"photo": 177767, "product": 1238}, {"photo": 178381, "product": 1239}, {"photo": 174624, "product": 1240}, {"photo": 65881, "product": 1241}, {"photo": 65882, "product": 1241}, {"photo": 267792, "product": 1242}, {"photo": 177824, "product": 1243}, {"photo": 115981, "product": 1244}, {"photo": 339003, "product": 1245}, {"photo": 267759, "product": 1246}, {"photo": 268243, "product": 1247}, {"photo": 268242, "product": 1247}, {"photo": 174927, "product": 1248}, {"photo": 124863, "product": 1249}, {"photo": 48330, "product": 1250}, {"photo": 48331, "product": 1250}, {"photo": 117912, "product": 1251}, {"photo": 267760, "product": 1252}, {"photo": 174211, "product": 1253}, {"photo": 178296, "product": 1254}, {"photo": 178299, "product": 1254}, {"photo": 308939, "product": 1255}, {"photo": 74319, "product": 1256}, {"photo": 179737, "product": 1257}, {"photo": 179160, "product": 1258}, {"photo": 179159, "product": 1258}, {"photo": 178559, "product": 1259}, {"photo": 165183, "product": 1260}, {"photo": 124930, "product": 1261}, {"photo": 338948, "product": 1262}, {"photo": 217175, "product": 1263}, {"photo": 267814, "product": 1264}, {"photo": 178100, "product": 1265}, {"photo": 267840, "product": 1266}, {"photo": 173171, "product": 1267}, {"photo": 173172, "product": 1267}, {"photo": 50280, "product": 1268}, {"photo": 50282, "product": 1268}, {"photo": 50284, "product": 1268}, {"photo": 302293, "product": 1269}, {"photo": 65597, "product": 1270}, {"photo": 65598, "product": 1270}, {"photo": 268002, "product": 1271}, {"photo": 132496, "product": 1272}, {"photo": 178466, "product": 1273}, {"photo": 178467, "product": 1273}, {"photo": 178465, "product": 1273}, {"photo": 423717, "product": 1274}, {"photo": 161343, "product": 1275}, {"photo": 177577, "product": 1276}, {"photo": 307258, "product": 1277}, {"photo": 178692, "product": 1278}, {"photo": 178691, "product": 1278}, {"photo": 267744, "product": 1279}, {"photo": 267743, "product": 1279}, {"photo": 179248, "product": 1280}, {"photo": 179249, "product": 1280}, {"photo": 179250, "product": 1280}, {"photo": 179096, "product": 1281}, {"photo": 179097, "product": 1281}, {"photo": 37426, "product": 1282}, {"photo": 37427, "product": 1282}, {"photo": 32913, "product": 1283}, {"photo": 32914, "product": 1283}, {"photo": 173386, "product": 1284}, {"photo": 173385, "product": 1284}, {"photo": 217842, "product": 1285}, {"photo": 173725, "product": 1286}, {"photo": 177611, "product": 1287}, {"photo": 177614, "product": 1287}, {"photo": 177610, "product": 1287}, {"photo": 177615, "product": 1287}, {"photo": 57555, "product": 1288}, {"photo": 57556, "product": 1288}, {"photo": 57557, "product": 1288}, {"photo": 66585, "product": 1289}, {"photo": 66586, "product": 1289}, {"photo": 421540, "product": 1290}, {"photo": 178312, "product": 1291}, {"photo": 220134, "product": 1292}, {"photo": 338856, "product": 1293}, {"photo": 338857, "product": 1293}, {"photo": 173216, "product": 1294}, {"photo": 177815, "product": 1295}, {"photo": 177816, "product": 1295}, {"photo": 75018, "product": 1296}, {"photo": 267789, "product": 1297}, {"photo": 177676, "product": 1298}, {"photo": 177677, "product": 1298}, {"photo": 173661, "product": 1299}, {"photo": 117897, "product": 1300}, {"photo": 80896, "product": 1301}, {"photo": 118013, "product": 1302}, {"photo": 115716, "product": 1303}, {"photo": 65627, "product": 1304}, {"photo": 65628, "product": 1304}, {"photo": 65629, "product": 1304}, {"photo": 65630, "product": 1304}, {"photo": 165147, "product": 1305}, {"photo": 82866, "product": 1306}, {"photo": 174890, "product": 1307}, {"photo": 112316, "product": 1308}, {"photo": 362025, "product": 1309}, {"photo": 267806, "product": 1310}, {"photo": 267803, "product": 1310}, {"photo": 178266, "product": 1311}, {"photo": 178265, "product": 1311}, {"photo": 178263, "product": 1311}, {"photo": 178264, "product": 1311}, {"photo": 71501, "product": 1312}, {"photo": 177608, "product": 1313}, {"photo": 177609, "product": 1313}, {"photo": 267755, "product": 1314}, {"photo": 174664, "product": 1315}, {"photo": 174665, "product": 1315}, {"photo": 338670, "product": 1316}, {"photo": 116009, "product": 1317}, {"photo": 125360, "product": 1318}, {"photo": 338745, "product": 1319}, {"photo": 307217, "product": 1320}, {"photo": 173752, "product": 1321}, {"photo": 173751, "product": 1321}, {"photo": 267955, "product": 1322}, {"photo": 37462, "product": 1323}, {"photo": 37463, "product": 1323}, {"photo": 177462, "product": 1324}, {"photo": 180379, "product": 1325}, {"photo": 180374, "product": 1325}, {"photo": 180377, "product": 1325}, {"photo": 180376, "product": 1325}, {"photo": 267715, "product": 1326}, {"photo": 267714, "product": 1326}, {"photo": 147282, "product": 1327}, {"photo": 115923, "product": 1328}, {"photo": 89507, "product": 1329}, {"photo": 89508, "product": 1329}, {"photo": 174258, "product": 1330}, {"photo": 80578, "product": 1331}, {"photo": 145814, "product": 1332}, {"photo": 110959, "product": 1333}, {"photo": 338824, "product": 1334}, {"photo": 302575, "product": 1335}, {"photo": 180049, "product": 1336}, {"photo": 174097, "product": 1337}, {"photo": 127470, "product": 1338}, {"photo": 267633, "product": 1339}, {"photo": 121276, "product": 1340}, {"photo": 173291, "product": 1341}, {"photo": 173293, "product": 1341}, {"photo": 175688, "product": 1342}, {"photo": 175689, "product": 1342}, {"photo": 175687, "product": 1342}, {"photo": 267936, "product": 1343}, {"photo": 220797, "product": 1344}, {"photo": 219370, "product": 1345}, {"photo": 82506, "product": 1346}, {"photo": 178583, "product": 1347}, {"photo": 174715, "product": 1348}, {"photo": 48553, "product": 1349}, {"photo": 48554, "product": 1349}, {"photo": 72361, "product": 1350}, {"photo": 178528, "product": 1351}, {"photo": 178529, "product": 1351}, {"photo": 179206, "product": 1352}, {"photo": 179205, "product": 1352}, {"photo": 338896, "product": 1353}, {"photo": 177122, "product": 1354}, {"photo": 50558, "product": 1355}, {"photo": 50560, "product": 1355}, {"photo": 339044, "product": 1356}, {"photo": 268162, "product": 1357}, {"photo": 268156, "product": 1357}, {"photo": 268161, "product": 1357}, {"photo": 178590, "product": 1358}, {"photo": 178589, "product": 1358}, {"photo": 267881, "product": 1359}, {"photo": 267883, "product": 1359}, {"photo": 47914, "product": 1360}, {"photo": 47916, "product": 1360}, {"photo": 47918, "product": 1360}, {"photo": 117695, "product": 1361}, {"photo": 268023, "product": 1362}, {"photo": 268021, "product": 1362}, {"photo": 173721, "product": 1363}, {"photo": 179047, "product": 1364}, {"photo": 179045, "product": 1364}, {"photo": 179046, "product": 1364}, {"photo": 179413, "product": 1365}, {"photo": 178166, "product": 1366}, {"photo": 173323, "product": 1367}, {"photo": 173324, "product": 1367}, {"photo": 173889, "product": 1368}, {"photo": 173891, "product": 1368}, {"photo": 173888, "product": 1368}, {"photo": 173890, "product": 1368}, {"photo": 67622, "product": 1369}, {"photo": 67623, "product": 1369}, {"photo": 67624, "product": 1369}, {"photo": 201327, "product": 1370}, {"photo": 177669, "product": 1371}, {"photo": 364721, "product": 1372}, {"photo": 267537, "product": 1373}, {"photo": 177911, "product": 1374}, {"photo": 173894, "product": 1375}, {"photo": 268111, "product": 1376}, {"photo": 268108, "product": 1376}, {"photo": 268112, "product": 1376}, {"photo": 268109, "product": 1376}, {"photo": 173574, "product": 1377}, {"photo": 38038, "product": 1378}, {"photo": 38039, "product": 1378}, {"photo": 338161, "product": 1379}, {"photo": 180069, "product": 1380}, {"photo": 180068, "product": 1380}, {"photo": 223600, "product": 1381}, {"photo": 338868, "product": 1382}, {"photo": 338871, "product": 1382}, {"photo": 338872, "product": 1382}, {"photo": 338878, "product": 1382}, {"photo": 338869, "product": 1382}, {"photo": 338879, "product": 1382}, {"photo": 338877, "product": 1382}, {"photo": 338880, "product": 1382}, {"photo": 178647, "product": 1383}, {"photo": 267680, "product": 1384}, {"photo": 267679, "product": 1384}, {"photo": 117829, "product": 1385}, {"photo": 327649, "product": 1386}, {"photo": 178940, "product": 1387}, {"photo": 267940, "product": 1388}, {"photo": 173504, "product": 1389}, {"photo": 177612, "product": 1390}, {"photo": 177613, "product": 1390}, {"photo": 125078, "product": 1391}, {"photo": 177843, "product": 1392}, {"photo": 177842, "product": 1392}, {"photo": 173510, "product": 1393}, {"photo": 173509, "product": 1393}, {"photo": 173511, "product": 1393}, {"photo": 177639, "product": 1394}, {"photo": 179917, "product": 1395}, {"photo": 179074, "product": 1396}, {"photo": 179076, "product": 1396}, {"photo": 179079, "product": 1396}, {"photo": 179080, "product": 1396}, {"photo": 179073, "product": 1396}, {"photo": 141554, "product": 1397}, {"photo": 141555, "product": 1397}, {"photo": 302980, "product": 1398}, {"photo": 268771, "product": 1399}, {"photo": 338793, "product": 1400}, {"photo": 174808, "product": 1401}, {"photo": 174810, "product": 1401}, {"photo": 268344, "product": 1402}, {"photo": 338722, "product": 1403}, {"photo": 179506, "product": 1404}, {"photo": 174526, "product": 1405}, {"photo": 161158, "product": 1406}, {"photo": 49034, "product": 1407}, {"photo": 49035, "product": 1407}, {"photo": 173632, "product": 1408}, {"photo": 173633, "product": 1408}, {"photo": 177785, "product": 1409}, {"photo": 178687, "product": 1410}, {"photo": 174188, "product": 1411}, {"photo": 218841, "product": 1412}, {"photo": 62745, "product": 1413}, {"photo": 62746, "product": 1413}, {"photo": 217871, "product": 1414}, {"photo": 174018, "product": 1415}, {"photo": 127808, "product": 1416}, {"photo": 127809, "product": 1416}, {"photo": 38160, "product": 1417}, {"photo": 38161, "product": 1417}, {"photo": 219971, "product": 1418}, {"photo": 73758, "product": 1419}, {"photo": 267734, "product": 1420}, {"photo": 173522, "product": 1421}, {"photo": 173521, "product": 1421}, {"photo": 148798, "product": 1422}, {"photo": 250210, "product": 1423}, {"photo": 58993, "product": 1424}, {"photo": 58994, "product": 1424}, {"photo": 362323, "product": 1425}, {"photo": 115895, "product": 1426}, {"photo": 177264, "product": 1427}, {"photo": 268042, "product": 1428}, {"photo": 178739, "product": 1429}, {"photo": 39375, "product": 1430}, {"photo": 39376, "product": 1430}, {"photo": 178468, "product": 1431}, {"photo": 178469, "product": 1431}, {"photo": 97515, "product": 1432}, {"photo": 97516, "product": 1432}, {"photo": 97517, "product": 1432}, {"photo": 87328, "product": 1433}, {"photo": 87329, "product": 1433}, {"photo": 87330, "product": 1433}, {"photo": 217767, "product": 1434}, {"photo": 178030, "product": 1435}, {"photo": 268119, "product": 1436}, {"photo": 268118, "product": 1436}, {"photo": 338779, "product": 1437}, {"photo": 338781, "product": 1437}, {"photo": 338778, "product": 1437}, {"photo": 338780, "product": 1437}, {"photo": 268110, "product": 1438}, {"photo": 268107, "product": 1438}, {"photo": 116011, "product": 1439}, {"photo": 422420, "product": 1440}, {"photo": 177890, "product": 1441}, {"photo": 178051, "product": 1442}, {"photo": 216950, "product": 1443}, {"photo": 178164, "product": 1444}, {"photo": 267957, "product": 1445}, {"photo": 174716, "product": 1446}, {"photo": 174844, "product": 1447}, {"photo": 174845, "product": 1447}, {"photo": 173749, "product": 1448}, {"photo": 173747, "product": 1448}, {"photo": 148811, "product": 1449}, {"photo": 37291, "product": 1450}, {"photo": 37292, "product": 1450}, {"photo": 127450, "product": 1451}, {"photo": 177460, "product": 1452}, {"photo": 23524, "product": 1453}, {"photo": 23526, "product": 1453}, {"photo": 23527, "product": 1453}, {"photo": 268019, "product": 1454}, {"photo": 338613, "product": 1455}, {"photo": 268587, "product": 1456}, {"photo": 200706, "product": 1457}, {"photo": 174210, "product": 1458}, {"photo": 174208, "product": 1458}, {"photo": 174209, "product": 1458}, {"photo": 146411, "product": 1459}, {"photo": 162515, "product": 1460}, {"photo": 173717, "product": 1461}, {"photo": 173718, "product": 1461}, {"photo": 178884, "product": 1462}, {"photo": 174013, "product": 1463}, {"photo": 179597, "product": 1464}, {"photo": 179602, "product": 1464}, {"photo": 179595, "product": 1464}, {"photo": 115987, "product": 1465}, {"photo": 65513, "product": 1466}, {"photo": 65514, "product": 1466}, {"photo": 65515, "product": 1466}, {"photo": 267868, "product": 1467}, {"photo": 302526, "product": 1468}, {"photo": 179106, "product": 1469}, {"photo": 338806, "product": 1470}, {"photo": 338807, "product": 1470}, {"photo": 115788, "product": 1471}, {"photo": 177383, "product": 1472}, {"photo": 174963, "product": 1473}, {"photo": 104171, "product": 1474}, {"photo": 374747, "product": 1475}, {"photo": 178638, "product": 1476}, {"photo": 177474, "product": 1477}, {"photo": 364683, "product": 1478}, {"photo": 67389, "product": 1479}, {"photo": 67391, "product": 1479}, {"photo": 67392, "product": 1479}, {"photo": 177808, "product": 1480}, {"photo": 267945, "product": 1481}, {"photo": 39214, "product": 1482}, {"photo": 39215, "product": 1482}, {"photo": 179698, "product": 1483}, {"photo": 178318, "product": 1484}, {"photo": 178319, "product": 1484}, {"photo": 178219, "product": 1485}, {"photo": 178218, "product": 1485}, {"photo": 268020, "product": 1486}, {"photo": 268378, "product": 1487}, {"photo": 268013, "product": 1488}, {"photo": 268014, "product": 1488}, {"photo": 164812, "product": 1489}, {"photo": 178029, "product": 1490}, {"photo": 307294, "product": 1491}, {"photo": 93543, "product": 1492}, {"photo": 423702, "product": 1493}, {"photo": 423703, "product": 1493}, {"photo": 174931, "product": 1494}, {"photo": 177865, "product": 1495}, {"photo": 268167, "product": 1496}, {"photo": 399408, "product": 1497}, {"photo": 177184, "product": 1498}, {"photo": 331313, "product": 1499}, {"photo": 331314, "product": 1499}, {"photo": 70315, "product": 1500}, {"photo": 70316, "product": 1500}, {"photo": 174032, "product": 1501}, {"photo": 174033, "product": 1501}, {"photo": 177739, "product": 1502}, {"photo": 222451, "product": 1503}, {"photo": 222452, "product": 1503}, {"photo": 174537, "product": 1504}, {"photo": 179000, "product": 1505}, {"photo": 53358, "product": 1506}, {"photo": 53359, "product": 1506}, {"photo": 174943, "product": 1507}, {"photo": 268336, "product": 1508}, {"photo": 175102, "product": 1509}, {"photo": 177749, "product": 1510}, {"photo": 164707, "product": 1511}, {"photo": 89708, "product": 1512}, {"photo": 89709, "product": 1512}, {"photo": 89710, "product": 1512}, {"photo": 178314, "product": 1513}, {"photo": 117922, "product": 1514}, {"photo": 413055, "product": 1515}, {"photo": 218124, "product": 1516}, {"photo": 267838, "product": 1517}, {"photo": 200970, "product": 1518}, {"photo": 115886, "product": 1519}, {"photo": 174362, "product": 1520}, {"photo": 174042, "product": 1521}, {"photo": 177832, "product": 1522}, {"photo": 174118, "product": 1523}, {"photo": 374977, "product": 1524}, {"photo": 364819, "product": 1525}, {"photo": 173918, "product": 1526}, {"photo": 178158, "product": 1527}, {"photo": 58289, "product": 1528}, {"photo": 58291, "product": 1528}, {"photo": 173536, "product": 1529}, {"photo": 268182, "product": 1530}, {"photo": 125120, "product": 1531}, {"photo": 174111, "product": 1532}, {"photo": 267749, "product": 1533}, {"photo": 178368, "product": 1534}, {"photo": 268406, "product": 1535}, {"photo": 338655, "product": 1536}, {"photo": 267988, "product": 1537}, {"photo": 102683, "product": 1538}, {"photo": 302212, "product": 1539}, {"photo": 177152, "product": 1540}, {"photo": 177153, "product": 1540}, {"photo": 177154, "product": 1540}, {"photo": 39257, "product": 1541}, {"photo": 39258, "product": 1541}, {"photo": 266898, "product": 1542}, {"photo": 266896, "product": 1542}, {"photo": 266897, "product": 1542}, {"photo": 178621, "product": 1543}, {"photo": 178622, "product": 1543}, {"photo": 178623, "product": 1543}, {"photo": 173649, "product": 1544}, {"photo": 175258, "product": 1545}, {"photo": 175257, "product": 1545}, {"photo": 177504, "product": 1546}, {"photo": 48281, "product": 1547}, {"photo": 48282, "product": 1547}, {"photo": 179345, "product": 1548}, {"photo": 179344, "product": 1548}, {"photo": 103755, "product": 1549}, {"photo": 268113, "product": 1550}, {"photo": 267844, "product": 1551}, {"photo": 267790, "product": 1552}, {"photo": 173931, "product": 1553}, {"photo": 173932, "product": 1553}, {"photo": 268030, "product": 1554}, {"photo": 54921, "product": 1555}, {"photo": 54922, "product": 1555}, {"photo": 174601, "product": 1556}, {"photo": 173313, "product": 1557}, {"photo": 127601, "product": 1558}, {"photo": 127602, "product": 1558}, {"photo": 220340, "product": 1559}, {"photo": 338849, "product": 1560}, {"photo": 338848, "product": 1560}, {"photo": 173785, "product": 1561}, {"photo": 178124, "product": 1562}, {"photo": 178127, "product": 1562}, {"photo": 115957, "product": 1563}, {"photo": 178786, "product": 1564}, {"photo": 307250, "product": 1565}, {"photo": 54357, "product": 1566}, {"photo": 54358, "product": 1566}, {"photo": 423684, "product": 1567}, {"photo": 179795, "product": 1568}, {"photo": 338842, "product": 1569}, {"photo": 174564, "product": 1570}, {"photo": 174569, "product": 1570}, {"photo": 174568, "product": 1570}, {"photo": 174570, "product": 1570}, {"photo": 174572, "product": 1570}, {"photo": 174567, "product": 1570}, {"photo": 174565, "product": 1570}, {"photo": 268478, "product": 1571}, {"photo": 268479, "product": 1571}, {"photo": 338656, "product": 1572}, {"photo": 218102, "product": 1573}, {"photo": 173992, "product": 1574}, {"photo": 268199, "product": 1575}, {"photo": 268198, "product": 1575}, {"photo": 173443, "product": 1576}, {"photo": 173442, "product": 1576}, {"photo": 173444, "product": 1576}, {"photo": 205958, "product": 1577}, {"photo": 267878, "product": 1578}, {"photo": 174088, "product": 1579}, {"photo": 174089, "product": 1579}, {"photo": 103192, "product": 1580}, {"photo": 103193, "product": 1580}, {"photo": 178172, "product": 1581}, {"photo": 178171, "product": 1581}, {"photo": 145837, "product": 1582}, {"photo": 267824, "product": 1583}, {"photo": 174647, "product": 1584}, {"photo": 330647, "product": 1585}, {"photo": 268216, "product": 1586}, {"photo": 146794, "product": 1587}, {"photo": 146793, "product": 1587}, {"photo": 177963, "product": 1588}, {"photo": 177962, "product": 1588}, {"photo": 148692, "product": 1589}, {"photo": 53199, "product": 1590}, {"photo": 53200, "product": 1590}, {"photo": 53201, "product": 1590}, {"photo": 53202, "product": 1590}, {"photo": 73881, "product": 1591}, {"photo": 221348, "product": 1592}, {"photo": 221349, "product": 1592}, {"photo": 177780, "product": 1593}, {"photo": 177779, "product": 1593}, {"photo": 180171, "product": 1594}, {"photo": 180173, "product": 1594}, {"photo": 180172, "product": 1594}, {"photo": 180175, "product": 1594}, {"photo": 268219, "product": 1595}, {"photo": 73157, "product": 1596}, {"photo": 80467, "product": 1597}, {"photo": 178535, "product": 1598}, {"photo": 70211, "product": 1599}, {"photo": 70212, "product": 1599}, {"photo": 70213, "product": 1599}, {"photo": 70214, "product": 1599}, {"photo": 178522, "product": 1600}, {"photo": 147049, "product": 1601}, {"photo": 179239, "product": 1602}, {"photo": 175699, "product": 1603}, {"photo": 175703, "product": 1603}, {"photo": 308445, "product": 1604}, {"photo": 178359, "product": 1605}, {"photo": 117895, "product": 1606}, {"photo": 268125, "product": 1607}, {"photo": 178052, "product": 1608}, {"photo": 180090, "product": 1609}, {"photo": 267748, "product": 1610}, {"photo": 423216, "product": 1611}, {"photo": 268412, "product": 1612}, {"photo": 174155, "product": 1613}, {"photo": 268274, "product": 1614}, {"photo": 220110, "product": 1615}, {"photo": 173982, "product": 1616}, {"photo": 173981, "product": 1616}, {"photo": 173980, "product": 1616}, {"photo": 80539, "product": 1617}, {"photo": 145744, "product": 1618}, {"photo": 178376, "product": 1619}, {"photo": 352351, "product": 1620}, {"photo": 131894, "product": 1621}, {"photo": 423690, "product": 1622}, {"photo": 177468, "product": 1623}, {"photo": 72552, "product": 1624}, {"photo": 49868, "product": 1625}, {"photo": 49869, "product": 1625}, {"photo": 146559, "product": 1626}, {"photo": 219930, "product": 1627}, {"photo": 178617, "product": 1628}, {"photo": 85431, "product": 1629}, {"photo": 85432, "product": 1629}, {"photo": 203268, "product": 1630}, {"photo": 203264, "product": 1630}, {"photo": 178814, "product": 1631}, {"photo": 268272, "product": 1632}, {"photo": 174635, "product": 1633}, {"photo": 174636, "product": 1633}, {"photo": 173273, "product": 1634}, {"photo": 173970, "product": 1635}, {"photo": 103804, "product": 1636}, {"photo": 132223, "product": 1637}, {"photo": 174035, "product": 1638}, {"photo": 174036, "product": 1638}, {"photo": 174143, "product": 1639}, {"photo": 174142, "product": 1639}, {"photo": 174141, "product": 1639}, {"photo": 125147, "product": 1640}, {"photo": 178595, "product": 1641}, {"photo": 178594, "product": 1641}, {"photo": 173337, "product": 1642}, {"photo": 72903, "product": 1643}, {"photo": 218195, "product": 1644}, {"photo": 268209, "product": 1645}, {"photo": 268154, "product": 1646}, {"photo": 326998, "product": 1647}, {"photo": 179861, "product": 1648}, {"photo": 173584, "product": 1649}, {"photo": 25604, "product": 1650}, {"photo": 25605, "product": 1650}, {"photo": 132448, "product": 1651}, {"photo": 146737, "product": 1652}, {"photo": 268371, "product": 1653}, {"photo": 267897, "product": 1654}, {"photo": 267898, "product": 1654}, {"photo": 33841, "product": 1655}, {"photo": 33842, "product": 1655}, {"photo": 423744, "product": 1656}, {"photo": 177656, "product": 1657}, {"photo": 177657, "product": 1657}, {"photo": 177655, "product": 1657}, {"photo": 267974, "product": 1658}, {"photo": 267975, "product": 1658}, {"photo": 267976, "product": 1658}, {"photo": 267899, "product": 1659}, {"photo": 173741, "product": 1660}, {"photo": 338494, "product": 1661}, {"photo": 268315, "product": 1662}, {"photo": 268316, "product": 1662}, {"photo": 117894, "product": 1663}, {"photo": 173670, "product": 1664}, {"photo": 364934, "product": 1665}, {"photo": 203756, "product": 1666}, {"photo": 121049, "product": 1667}, {"photo": 178427, "product": 1668}, {"photo": 178429, "product": 1668}, {"photo": 268444, "product": 1669}, {"photo": 267782, "product": 1670}, {"photo": 160095, "product": 1671}, {"photo": 72698, "product": 1672}, {"photo": 117826, "product": 1673}, {"photo": 178178, "product": 1674}, {"photo": 268350, "product": 1675}, {"photo": 268732, "product": 1676}, {"photo": 49769, "product": 1677}, {"photo": 49770, "product": 1677}, {"photo": 73656, "product": 1678}, {"photo": 221257, "product": 1679}, {"photo": 221256, "product": 1679}, {"photo": 216722, "product": 1680}, {"photo": 219342, "product": 1681}, {"photo": 219344, "product": 1681}, {"photo": 178328, "product": 1682}, {"photo": 81670, "product": 1683}, {"photo": 81671, "product": 1683}, {"photo": 81672, "product": 1683}, {"photo": 177855, "product": 1684}, {"photo": 338825, "product": 1685}, {"photo": 267856, "product": 1686}, {"photo": 68924, "product": 1687}, {"photo": 68925, "product": 1687}, {"photo": 68926, "product": 1687}, {"photo": 178546, "product": 1688}, {"photo": 178544, "product": 1688}, {"photo": 112319, "product": 1689}, {"photo": 307253, "product": 1690}, {"photo": 178177, "product": 1691}, {"photo": 178179, "product": 1691}, {"photo": 125146, "product": 1692}, {"photo": 81282, "product": 1693}, {"photo": 81283, "product": 1693}, {"photo": 145884, "product": 1694}, {"photo": 173907, "product": 1695}, {"photo": 307093, "product": 1696}, {"photo": 112318, "product": 1697}, {"photo": 338618, "product": 1698}, {"photo": 338617, "product": 1698}, {"photo": 179742, "product": 1699}, {"photo": 146288, "product": 1700}, {"photo": 268005, "product": 1701}, {"photo": 174499, "product": 1702}, {"photo": 338639, "product": 1703}, {"photo": 174699, "product": 1704}, {"photo": 174698, "product": 1704}, {"photo": 267915, "product": 1705}, {"photo": 174099, "product": 1706}, {"photo": 174610, "product": 1707}, {"photo": 318568, "product": 1708}, {"photo": 126883, "product": 1709}, {"photo": 177810, "product": 1710}, {"photo": 202468, "product": 1711}, {"photo": 178629, "product": 1712}, {"photo": 177809, "product": 1713}, {"photo": 127413, "product": 1714}, {"photo": 174279, "product": 1715}, {"photo": 173927, "product": 1716}, {"photo": 173926, "product": 1716}, {"photo": 173929, "product": 1716}, {"photo": 173928, "product": 1716}, {"photo": 173947, "product": 1717}, {"photo": 173945, "product": 1717}, {"photo": 173946, "product": 1717}, {"photo": 180053, "product": 1718}, {"photo": 178383, "product": 1719}, {"photo": 303143, "product": 1720}, {"photo": 303142, "product": 1720}, {"photo": 253173, "product": 1721}, {"photo": 178867, "product": 1722}, {"photo": 178868, "product": 1722}, {"photo": 100563, "product": 1723}, {"photo": 100564, "product": 1723}, {"photo": 100565, "product": 1723}, {"photo": 100566, "product": 1723}, {"photo": 178854, "product": 1724}, {"photo": 178856, "product": 1724}, {"photo": 178858, "product": 1724}, {"photo": 115949, "product": 1725}, {"photo": 115950, "product": 1725}, {"photo": 217825, "product": 1726}, {"photo": 78379, "product": 1727}, {"photo": 78380, "product": 1727}, {"photo": 179719, "product": 1728}, {"photo": 177588, "product": 1729}, {"photo": 332733, "product": 1730}, {"photo": 332734, "product": 1730}, {"photo": 173804, "product": 1731}, {"photo": 338724, "product": 1732}, {"photo": 175061, "product": 1733}, {"photo": 173651, "product": 1734}, {"photo": 424248, "product": 1735}, {"photo": 177374, "product": 1736}, {"photo": 374480, "product": 1737}, {"photo": 75767, "product": 1738}, {"photo": 75768, "product": 1738}, {"photo": 75769, "product": 1738}, {"photo": 75770, "product": 1738}, {"photo": 75771, "product": 1738}, {"photo": 249093, "product": 1739}, {"photo": 127724, "product": 1740}, {"photo": 422303, "product": 1741}, {"photo": 174185, "product": 1742}, {"photo": 267754, "product": 1743}, {"photo": 174055, "product": 1744}, {"photo": 267742, "product": 1745}, {"photo": 218999, "product": 1746}, {"photo": 49903, "product": 1747}, {"photo": 49904, "product": 1747}, {"photo": 38128, "product": 1748}, {"photo": 38129, "product": 1748}, {"photo": 115676, "product": 1749}, {"photo": 173933, "product": 1750}, {"photo": 179683, "product": 1751}, {"photo": 267864, "product": 1752}, {"photo": 49599, "product": 1753}, {"photo": 49600, "product": 1753}, {"photo": 173457, "product": 1754}, {"photo": 178625, "product": 1755}, {"photo": 125085, "product": 1756}, {"photo": 302201, "product": 1757}, {"photo": 267791, "product": 1758}, {"photo": 179001, "product": 1759}, {"photo": 267076, "product": 1760}, {"photo": 267075, "product": 1760}, {"photo": 116002, "product": 1761}, {"photo": 253211, "product": 1762}, {"photo": 173396, "product": 1763}, {"photo": 177567, "product": 1764}, {"photo": 179544, "product": 1765}, {"photo": 61326, "product": 1766}, {"photo": 61327, "product": 1766}, {"photo": 179460, "product": 1767}, {"photo": 179459, "product": 1767}, {"photo": 319626, "product": 1768}, {"photo": 174870, "product": 1769}, {"photo": 220644, "product": 1770}, {"photo": 174889, "product": 1771}, {"photo": 174888, "product": 1771}, {"photo": 178176, "product": 1772}, {"photo": 79116, "product": 1773}, {"photo": 79117, "product": 1773}, {"photo": 79118, "product": 1773}, {"photo": 79119, "product": 1773}, {"photo": 338757, "product": 1774}, {"photo": 178199, "product": 1775}, {"photo": 179154, "product": 1776}, {"photo": 177891, "product": 1777}, {"photo": 85650, "product": 1778}, {"photo": 85651, "product": 1778}, {"photo": 85652, "product": 1778}, {"photo": 268148, "product": 1779}, {"photo": 112583, "product": 1780}, {"photo": 177813, "product": 1781}, {"photo": 177812, "product": 1781}, {"photo": 326837, "product": 1782}, {"photo": 177823, "product": 1783}, {"photo": 49990, "product": 1784}, {"photo": 49991, "product": 1784}, {"photo": 174748, "product": 1785}]