[{"photo": 2470, "product": 804, "bbox": {"width": 1037, "top": 3091, "left": 1267, "height": 2132}}, {"photo": 16441, "product": 1118, "bbox": {"width": 1001, "top": 2062, "left": 573, "height": 783}}, {"photo": 12418, "product": 2431, "bbox": {"width": 191, "top": 897, "left": 253, "height": 976}}, {"photo": 3682, "product": 3893, "bbox": {"width": 863, "top": 891, "left": 915, "height": 2262}}, {"photo": 13786, "product": 1318, "bbox": {"width": 697, "top": 1859, "left": 378, "height": 930}}, {"photo": 11538, "product": 2887, "bbox": {"width": 150, "top": 447, "left": 226, "height": 93}}, {"photo": 13757, "product": 2441, "bbox": {"width": 354, "top": 335, "left": 82, "height": 271}}, {"photo": 8504, "product": 319, "bbox": {"width": 165, "top": 265, "left": 156, "height": 345}}, {"photo": 98456, "product": 804, "bbox": {"width": 578, "top": 1661, "left": 1154, "height": 1283}}, {"photo": 10109, "product": 2391, "bbox": {"width": 320, "top": 601, "left": 278, "height": 565}}, {"photo": 17042, "product": 1727, "bbox": {"width": 279, "top": 508, "left": 180, "height": 683}}, {"photo": 691, "product": 2431, "bbox": {"width": 147, "top": 568, "left": 281, "height": 333}}, {"photo": 12236, "product": 3893, "bbox": {"width": 186, "top": 130, "left": 280, "height": 629}}, {"photo": 5970, "product": 1014, "bbox": {"width": 199, "top": 1464, "left": 522, "height": 258}}, {"photo": 2261, "product": 3893, "bbox": {"width": 509, "top": 855, "left": 665, "height": 1010}}, {"photo": 5705, "product": 2431, "bbox": {"width": 556, "top": 1416, "left": 201, "height": 1157}}, {"photo": 9085, "product": 5014, "bbox": {"width": 189, "top": 190, "left": 77, "height": 414}}, {"photo": 13811, "product": 76, "bbox": {"width": 574, "top": 484, "left": 246, "height": 715}}, {"photo": 14934, "product": 3236, "bbox": {"width": 308, "top": 348, "left": 128, "height": 420}}, {"photo": 13757, "product": 2441, "bbox": {"width": 315, "top": 356, "left": 96, "height": 239}}, {"photo": 8245, "product": 804, "bbox": {"width": 266, "top": 673, "left": 219, "height": 450}}, {"photo": 8401, "product": 4000, "bbox": {"width": 825, "top": 1405, "left": 665, "height": 1390}}, {"photo": 2734, "product": 3020, "bbox": {"width": 426, "top": 1316, "left": 701, "height": 1037}}, {"photo": 15527, "product": 1727, "bbox": {"width": 186, "top": 287, "left": 185, "height": 412}}, {"photo": 1373, "product": 3302, "bbox": {"width": 616, "top": 1154, "left": 1013, "height": 715}}, {"photo": 3006, "product": 804, "bbox": {"width": 663, "top": 1022, "left": 262, "height": 1126}}, {"photo": 13876, "product": 3364, "bbox": {"width": 525, "top": 1655, "left": 967, "height": 1102}}, {"photo": 10939, "product": 165, "bbox": {"width": 488, "top": 900, "left": 789, "height": 531}}, {"photo": 11060, "product": 616, "bbox": {"width": 887, "top": 2291, "left": 432, "height": 1562}}, {"photo": 273, "product": 4003, "bbox": {"width": 137, "top": 244, "left": 351, "height": 330}}, {"photo": 1139, "product": 4019, "bbox": {"width": 390, "top": 744, "left": 408, "height": 870}}, {"photo": 18524, "product": 582, "bbox": {"width": 752, "top": 1159, "left": 751, "height": 1487}}, {"photo": 5625, "product": 3494, "bbox": {"width": 735, "top": 1527, "left": 734, "height": 921}}, {"photo": 13158, "product": 2256, "bbox": {"width": 215, "top": 303, "left": 359, "height": 638}}, {"photo": 15862, "product": 5530, "bbox": {"width": 350, "top": 1251, "left": 1733, "height": 747}}, {"photo": 18065, "product": 3775, "bbox": {"width": 294, "top": 536, "left": 178, "height": 548}}, {"photo": 18670, "product": 1969, "bbox": {"width": 638, "top": 1371, "left": 723, "height": 1156}}, {"photo": 12940, "product": 495, "bbox": {"width": 181, "top": 392, "left": 243, "height": 183}}, {"photo": 5970, "product": 1014, "bbox": {"width": 234, "top": 1455, "left": 499, "height": 252}}, {"photo": 15527, "product": 1727, "bbox": {"width": 144, "top": 316, "left": 215, "height": 389}}, {"photo": 11402, "product": 2684, "bbox": {"width": 220, "top": 652, "left": 819, "height": 381}}, {"photo": 329823, "product": 3037, "bbox": {"width": 416, "top": 1300, "left": 245, "height": 321}}, {"photo": 3055, "product": 4019, "bbox": {"width": 612, "top": 1626, "left": 1171, "height": 1289}}, {"photo": 15109, "product": 358, "bbox": {"width": 319, "top": 417, "left": 202, "height": 450}}, {"photo": 18670, "product": 1969, "bbox": {"width": 508, "top": 1351, "left": 803, "height": 1171}}, {"photo": 14822, "product": 616, "bbox": {"width": 1010, "top": 1823, "left": 556, "height": 1714}}, {"photo": 700, "product": 3302, "bbox": {"width": 127, "top": 327, "left": 351, "height": 106}}, {"photo": 4108, "product": 2162, "bbox": {"width": 148, "top": 246, "left": 205, "height": 293}}, {"photo": 98655, "product": 5543, "bbox": {"width": 158, "top": 537, "left": 433, "height": 279}}, {"photo": 16972, "product": 4019, "bbox": {"width": 752, "top": 1521, "left": 775, "height": 1102}}, {"photo": 10135, "product": 2600, "bbox": {"width": 601, "top": 1398, "left": 1159, "height": 1242}}, {"photo": 15109, "product": 358, "bbox": {"width": 205, "top": 462, "left": 250, "height": 392}}, {"photo": 6405, "product": 804, "bbox": {"width": 108, "top": 346, "left": 348, "height": 76}}, {"photo": 6780, "product": 2518, "bbox": {"width": 578, "top": 793, "left": 614, "height": 940}}, {"photo": 13322, "product": 938, "bbox": {"width": 722, "top": 1442, "left": 10, "height": 1683}}, {"photo": 18301, "product": 4019, "bbox": {"width": 157, "top": 431, "left": 211, "height": 209}}, {"photo": 16198, "product": 3037, "bbox": {"width": 508, "top": 2069, "left": 1293, "height": 1009}}, {"photo": 6864, "product": 319, "bbox": {"width": 174, "top": 530, "left": 184, "height": 476}}, {"photo": 4969, "product": 4019, "bbox": {"width": 193, "top": 704, "left": 126, "height": 298}}, {"photo": 7861, "product": 495, "bbox": {"width": 148, "top": 203, "left": 72, "height": 238}}, {"photo": 3982, "product": 1579, "bbox": {"width": 1125, "top": 874, "left": 903, "height": 2075}}, {"photo": 15562, "product": 495, "bbox": {"width": 103, "top": 354, "left": 193, "height": 232}}, {"photo": 4627, "product": 782, "bbox": {"width": 443, "top": 1569, "left": 751, "height": 733}}, {"photo": 13833, "product": 3302, "bbox": {"width": 362, "top": 498, "left": 218, "height": 586}}, {"photo": 98456, "product": 804, "bbox": {"width": 589, "top": 1725, "left": 571, "height": 1417}}, {"photo": 329829, "product": 4019, "bbox": {"width": 473, "top": 1987, "left": 1008, "height": 840}}, {"photo": 7590, "product": 793, "bbox": {"width": 83, "top": 921, "left": 310, "height": 209}}, {"photo": 234, "product": 4019, "bbox": {"width": 690, "top": 1664, "left": 769, "height": 1137}}, {"photo": 7863, "product": 2684, "bbox": {"width": 704, "top": 1606, "left": 555, "height": 713}}, {"photo": 8401, "product": 4000, "bbox": {"width": 635, "top": 1355, "left": 710, "height": 1190}}, {"photo": 47, "product": 5046, "bbox": {"width": 355, "top": 483, "left": 130, "height": 500}}, {"photo": 15356, "product": 2846, "bbox": {"width": 180, "top": 319, "left": 190, "height": 302}}, {"photo": 17488, "product": 4019, "bbox": {"width": 225, "top": 876, "left": 395, "height": 570}}, {"photo": 14559, "product": 3893, "bbox": {"width": 610, "top": 738, "left": 445, "height": 1217}}, {"photo": 18262, "product": 2441, "bbox": {"width": 378, "top": 783, "left": 1193, "height": 1024}}, {"photo": 2943, "product": 4019, "bbox": {"width": 526, "top": 753, "left": 277, "height": 727}}, {"photo": 17389, "product": 4019, "bbox": {"width": 350, "top": 481, "left": 172, "height": 325}}, {"photo": 11422, "product": 2604, "bbox": {"width": 650, "top": 1120, "left": 650, "height": 1595}}, {"photo": 6580, "product": 1014, "bbox": {"width": 632, "top": 1739, "left": 1192, "height": 1297}}, {"photo": 14118, "product": 2256, "bbox": {"width": 253, "top": 394, "left": 691, "height": 568}}, {"photo": 2677, "product": 2131, "bbox": {"width": 1135, "top": 1095, "left": 1958, "height": 2114}}, {"photo": 17537, "product": 4019, "bbox": {"width": 350, "top": 801, "left": 547, "height": 375}}, {"photo": 17253, "product": 2431, "bbox": {"width": 13, "top": 1396, "left": 605, "height": 6}}, {"photo": 7367, "product": 4788, "bbox": {"width": 148, "top": 278, "left": 24, "height": 346}}, {"photo": 15970, "product": 3556, "bbox": {"width": 773, "top": 864, "left": 894, "height": 1404}}, {"photo": 8368, "product": 2518, "bbox": {"width": 670, "top": 1071, "left": 347, "height": 896}}, {"photo": 17487, "product": 302, "bbox": {"width": 784, "top": 1690, "left": 473, "height": 787}}, {"photo": 7775, "product": 5629, "bbox": {"width": 100, "top": 259, "left": 225, "height": 299}}, {"photo": 6329, "product": 3327, "bbox": {"width": 951, "top": 1544, "left": 1959, "height": 1475}}, {"photo": 15696, "product": 3871, "bbox": {"width": 283, "top": 277, "left": 160, "height": 250}}, {"photo": 13158, "product": 2256, "bbox": {"width": 199, "top": 357, "left": 691, "height": 594}}, {"photo": 484, "product": 2401, "bbox": {"width": 174, "top": 258, "left": 93, "height": 335}}, {"photo": 10764, "product": 3723, "bbox": {"width": 169, "top": 260, "left": 228, "height": 339}}, {"photo": 4939, "product": 1024, "bbox": {"width": 426, "top": 524, "left": 134, "height": 325}}, {"photo": 14513, "product": 1969, "bbox": {"width": 870, "top": 1405, "left": 270, "height": 1050}}, {"photo": 98744, "product": 1922, "bbox": {"width": 147.0, "top": 289.0, "left": 107.0, "height": 270.0}}, {"photo": 14118, "product": 2256, "bbox": {"width": 243, "top": 399, "left": 390, "height": 561}}, {"photo": 329854, "product": 131, "bbox": {"width": 2, "top": 407, "left": 446, "height": 2}}, {"photo": 2761, "product": 4019, "bbox": {"width": 417, "top": 1040, "left": 325, "height": 820}}, {"photo": 11402, "product": 2684, "bbox": {"width": 214, "top": 633, "left": 234, "height": 427}}, {"photo": 10207, "product": 3302, "bbox": {"width": 813, "top": 2738, "left": 1200, "height": 1383}}, {"photo": 8866, "product": 2704, "bbox": {"width": 450, "top": 1045, "left": 486, "height": 992}}, {"photo": 17307, "product": 5256, "bbox": {"width": 212, "top": 452, "left": 169, "height": 354}}, {"photo": 700, "product": 3302, "bbox": {"width": 112, "top": 351, "left": 359, "height": 78}}, {"photo": 15562, "product": 495, "bbox": {"width": 90, "top": 339, "left": 200, "height": 246}}, {"photo": 18862, "product": 4019, "bbox": {"width": 655, "top": 1091, "left": 709, "height": 1082}}, {"photo": 8927, "product": 4897, "bbox": {"width": 143, "top": 260, "left": 154, "height": 334}}, {"photo": 13612, "product": 4964, "bbox": {"width": 138, "top": 242, "left": 128, "height": 341}}, {"photo": 12215, "product": 4384, "bbox": {"width": 630, "top": 633, "left": 794, "height": 956}}, {"photo": 17203, "product": 302, "bbox": {"width": 376, "top": 1187, "left": 337, "height": 1064}}, {"photo": 4109, "product": 4442, "bbox": {"width": 218, "top": 384, "left": 166, "height": 437}}, {"photo": 18244, "product": 2669, "bbox": {"width": 785, "top": 980, "left": 740, "height": 645}}, {"photo": 590, "product": 2431, "bbox": {"width": 162, "top": 571, "left": 267, "height": 304}}, {"photo": 13158, "product": 2256, "bbox": {"width": 194, "top": 329, "left": 682, "height": 629}}, {"photo": 12845, "product": 1368, "bbox": {"width": 146, "top": 221, "left": 55, "height": 312}}, {"photo": 273, "product": 4003, "bbox": {"width": 132, "top": 278, "left": 359, "height": 261}}, {"photo": 15530, "product": 2019, "bbox": {"width": 316, "top": 417, "left": 419, "height": 737}}, {"photo": 9302, "product": 582, "bbox": {"width": 548, "top": 1094, "left": 804, "height": 219}}, {"photo": 330506, "product": 2653, "bbox": {"width": 517, "top": 887, "left": 263, "height": 966}}, {"photo": 12940, "product": 495, "bbox": {"width": 157, "top": 404, "left": 258, "height": 144}}, {"photo": 5743, "product": 4019, "bbox": {"width": 640, "top": 1414, "left": 448, "height": 1232}}, {"photo": 9166, "product": 4019, "bbox": {"width": 129, "top": 244, "left": 166, "height": 318}}, {"photo": 11120, "product": 3302, "bbox": {"width": 484, "top": 992, "left": 473, "height": 619}}, {"photo": 8497, "product": 556, "bbox": {"width": 810, "top": 1320, "left": 585, "height": 1240}}, {"photo": 1712, "product": 2300, "bbox": {"width": 929, "top": 1271, "left": 284, "height": 1092}}, {"photo": 6028, "product": 4070, "bbox": {"width": 1115, "top": 2459, "left": 779, "height": 1783}}, {"photo": 17253, "product": 2431, "bbox": {"width": 224, "top": 795, "left": 418, "height": 596}}, {"photo": 16263, "product": 2977, "bbox": {"width": 105, "top": 475, "left": 283, "height": 379}}, {"photo": 18145, "product": 4788, "bbox": {"width": 156, "top": 449, "left": 245, "height": 335}}, {"photo": 13737, "product": 3037, "bbox": {"width": 177, "top": 471, "left": 207, "height": 196}}, {"photo": 15717, "product": 218, "bbox": {"width": 595, "top": 1271, "left": 585, "height": 1065}}, {"photo": 1814, "product": 2109, "bbox": {"width": 488, "top": 840, "left": 431, "height": 1198}}, {"photo": 2037, "product": 4019, "bbox": {"width": 344, "top": 766, "left": 175, "height": 283}}, {"photo": 6934, "product": 1489, "bbox": {"width": 181, "top": 371, "left": 183, "height": 326}}, {"photo": 5222, "product": 1407, "bbox": {"width": 540, "top": 1305, "left": 1140, "height": 1595}}, {"photo": 495, "product": 4788, "bbox": {"width": 907, "top": 1864, "left": 654, "height": 1102}}, {"photo": 11259, "product": 2846, "bbox": {"width": 320, "top": 1001, "left": 332, "height": 656}}, {"photo": 17545, "product": 4019, "bbox": {"width": 141, "top": 606, "left": 340, "height": 255}}, {"photo": 6506, "product": 3302, "bbox": {"width": 134, "top": 276, "left": 225, "height": 277}}, {"photo": 615, "product": 2431, "bbox": {"width": 268, "top": 1551, "left": 902, "height": 471}}, {"photo": 18146, "product": 582, "bbox": {"width": 377, "top": 615, "left": 108, "height": 548}}, {"photo": 16917, "product": 2684, "bbox": {"width": 694, "top": 1754, "left": 979, "height": 1294}}, {"photo": 12842, "product": 2830, "bbox": {"width": 95, "top": 343, "left": 104, "height": 91}}, {"photo": 6028, "product": 4070, "bbox": {"width": 1263, "top": 2490, "left": 740, "height": 1775}}, {"photo": 2197, "product": 2431, "bbox": {"width": 425, "top": 1027, "left": 1603, "height": 1106}}, {"photo": 17203, "product": 302, "bbox": {"width": 671, "top": 1162, "left": 17, "height": 1000}}, {"photo": 12063, "product": 3514, "bbox": {"width": 219, "top": 783, "left": 414, "height": 445}}, {"photo": 5146, "product": 782, "bbox": {"width": 196, "top": 611, "left": 663, "height": 281}}, {"photo": 3682, "product": 3893, "bbox": {"width": 881, "top": 920, "left": 920, "height": 1836}}, {"photo": 15116, "product": 3595, "bbox": {"width": 505, "top": 680, "left": 837, "height": 1014}}, {"photo": 16649, "product": 3302, "bbox": {"width": 764, "top": 1585, "left": 880, "height": 1376}}, {"photo": 3879, "product": 3556, "bbox": {"width": 189, "top": 211, "left": 141, "height": 357}}, {"photo": 6194, "product": 3425, "bbox": {"width": 1003, "top": 2284, "left": 705, "height": 962}}, {"photo": 67, "product": 4019, "bbox": {"width": 234, "top": 798, "left": 318, "height": 162}}, {"photo": 17186, "product": 4019, "bbox": {"width": 615, "top": 855, "left": 581, "height": 1163}}, {"photo": 10246, "product": 804, "bbox": {"width": 286, "top": 693, "left": 323, "height": 603}}, {"photo": 7367, "product": 4788, "bbox": {"width": 154, "top": 260, "left": 245, "height": 359}}, {"photo": 12757, "product": 163, "bbox": {"width": 324, "top": 709, "left": 431, "height": 633}}, {"photo": 5286, "product": 4788, "bbox": {"width": 647, "top": 1810, "left": 686, "height": 1830}}, {"photo": 14118, "product": 2256, "bbox": {"width": 241, "top": 399, "left": 366, "height": 561}}, {"photo": 98778, "product": 5258, "bbox": {"width": 288, "top": 699, "left": 109, "height": 571}}, {"photo": 5802, "product": 782, "bbox": {"width": 206, "top": 276, "left": 62, "height": 284}}, {"photo": 1605, "product": 3723, "bbox": {"width": 731, "top": 1053, "left": 440, "height": 1719}}, {"photo": 10563, "product": 4788, "bbox": {"width": 165, "top": 514, "left": 240, "height": 364}}, {"photo": 15717, "product": 218, "bbox": {"width": 624, "top": 1337, "left": 557, "height": 950}}, {"photo": 12737, "product": 582, "bbox": {"width": 499, "top": 749, "left": 36, "height": 1088}}, {"photo": 2560, "product": 1024, "bbox": {"width": 156, "top": 250, "left": 144, "height": 318}}, {"photo": 11489, "product": 3893, "bbox": {"width": 742, "top": 1541, "left": 858, "height": 1349}}, {"photo": 2560, "product": 1024, "bbox": {"width": 185, "top": 246, "left": 128, "height": 333}}, {"photo": 15393, "product": 4019, "bbox": {"width": 160, "top": 391, "left": 381, "height": 178}}, {"photo": 383, "product": 4019, "bbox": {"width": 1095, "top": 1876, "left": 1033, "height": 2068}}, {"photo": 98744, "product": 1922, "bbox": {"width": 206, "top": 283, "left": 99, "height": 278}}, {"photo": 11573, "product": 2669, "bbox": {"width": 713, "top": 1664, "left": 480, "height": 1377}}, {"photo": 15770, "product": 2787, "bbox": {"width": 402, "top": 383, "left": 64, "height": 835}}, {"photo": 11824, "product": 2669, "bbox": {"width": 646, "top": 1722, "left": 714, "height": 1533}}, {"photo": 4939, "product": 1024, "bbox": {"width": 394, "top": 556, "left": 156, "height": 288}}, {"photo": 11120, "product": 3302, "bbox": {"width": 498, "top": 1054, "left": 463, "height": 533}}, {"photo": 1153, "product": 5014, "bbox": {"width": 191, "top": 483, "left": 243, "height": 346}}, {"photo": 16649, "product": 3302, "bbox": {"width": 723, "top": 1678, "left": 973, "height": 1364}}, {"photo": 12236, "product": 3893, "bbox": {"width": 159, "top": 144, "left": 303, "height": 651}}, {"photo": 1785, "product": 3484, "bbox": {"width": 935, "top": 1249, "left": 1168, "height": 3030}}, {"photo": 55, "product": 4881, "bbox": {"width": 294, "top": 562, "left": 319, "height": 503}}, {"photo": 5777, "product": 302, "bbox": {"width": 704, "top": 27, "left": 1213, "height": 1014}}, {"photo": 18262, "product": 2441, "bbox": {"width": 591, "top": 751, "left": 1087, "height": 1001}}, {"photo": 8121, "product": 4514, "bbox": {"width": 348, "top": 565, "left": 191, "height": 598}}, {"photo": 17862, "product": 3595, "bbox": {"width": 432, "top": 2214, "left": 1812, "height": 473}}, {"photo": 330506, "product": 2653, "bbox": {"width": 620, "top": 906, "left": 1180, "height": 942}}, {"photo": 18010, "product": 5008, "bbox": {"width": 229, "top": 667, "left": 202, "height": 383}}, {"photo": 2677, "product": 2131, "bbox": {"width": 1081, "top": 1080, "left": 272, "height": 2052}}, {"photo": 17203, "product": 302, "bbox": {"width": 453, "top": 1239, "left": 8, "height": 995}}, {"photo": 330520, "product": 4019, "bbox": {"width": 175, "top": 391, "left": 181, "height": 464}}, {"photo": 12063, "product": 3514, "bbox": {"width": 180, "top": 795, "left": 438, "height": 392}}, {"photo": 8497, "product": 556, "bbox": {"width": 680, "top": 1335, "left": 670, "height": 1230}}, {"photo": 4600, "product": 4019, "bbox": {"width": 1152, "top": 1562, "left": 402, "height": 2139}}, {"photo": 10634, "product": 2104, "bbox": {"width": 172, "top": 288, "left": 130, "height": 307}}, {"photo": 18339, "product": 4019, "bbox": {"width": 259, "top": 584, "left": 197, "height": 507}}, {"photo": 12401, "product": 4027, "bbox": {"width": 335, "top": 710, "left": 315, "height": 483}}, {"photo": 4108, "product": 2162, "bbox": {"width": 119, "top": 268, "left": 224, "height": 276}}, {"photo": 8245, "product": 804, "bbox": {"width": 290, "top": 665, "left": 186, "height": 466}}, {"photo": 5146, "product": 782, "bbox": {"width": 198, "top": 604, "left": 163, "height": 234}}, {"photo": 16917, "product": 2684, "bbox": {"width": 304, "top": 1795, "left": 950, "height": 1178}}, {"photo": 6575, "product": 2684, "bbox": {"width": 621, "top": 1217, "left": 405, "height": 474}}, {"photo": 13612, "product": 4964, "bbox": {"width": 142, "top": 235, "left": 128, "height": 354}}, {"photo": 12757, "product": 163, "bbox": {"width": 307, "top": 721, "left": 440, "height": 595}}, {"photo": 13826, "product": 2600, "bbox": {"width": 347, "top": 592, "left": 33, "height": 128}}, {"photo": 4664, "product": 4788, "bbox": {"width": 260, "top": 304, "left": 170, "height": 308}}, {"photo": 10251, "product": 3871, "bbox": {"width": 168, "top": 312, "left": 170, "height": 264}}, {"photo": 18146, "product": 582, "bbox": {"width": 379, "top": 610, "left": 143, "height": 559}}, {"photo": 12418, "product": 2431, "bbox": {"width": 200, "top": 867, "left": 424, "height": 1024}}, {"photo": 14443, "product": 2518, "bbox": {"width": 391, "top": 253, "left": 281, "height": 387}}, {"photo": 8643, "product": 2518, "bbox": {"width": 208, "top": 242, "left": 110, "height": 368}}, {"photo": 11464, "product": 1208, "bbox": {"width": 735, "top": 1643, "left": 746, "height": 1213}}, {"photo": 12789, "product": 1014, "bbox": {"width": 119, "top": 308, "left": 359, "height": 44}}, {"photo": 7861, "product": 495, "bbox": {"width": 181, "top": 270, "left": 373, "height": 208}}, {"photo": 15030, "product": 302, "bbox": {"width": 291, "top": 835, "left": 331, "height": 381}}, {"photo": 100642, "product": 5651, "bbox": {"width": 636, "top": 1310, "left": 868, "height": 1713}}, {"photo": 15058, "product": 3723, "bbox": {"width": 641, "top": 999, "left": 318, "height": 1368}}, {"photo": 11771, "product": 4019, "bbox": {"width": 361, "top": 1120, "left": 526, "height": 756}}, {"photo": 10251, "product": 3871, "bbox": {"width": 158, "top": 302, "left": 168, "height": 288}}, {"photo": 11294, "product": 3666, "bbox": {"width": 165, "top": 458, "left": 595, "height": 337}}, {"photo": 1859, "product": 3595, "bbox": {"width": 255, "top": 651, "left": 252, "height": 309}}, {"photo": 16917, "product": 2684, "bbox": {"width": 397, "top": 1841, "left": 1247, "height": 1172}}, {"photo": 5970, "product": 1014, "bbox": {"width": 322, "top": 625, "left": 432, "height": 296}}, {"photo": 11489, "product": 3893, "bbox": {"width": 392, "top": 1534, "left": 1051, "height": 1266}}, {"photo": 17622, "product": 2787, "bbox": {"width": 372, "top": 694, "left": 416, "height": 778}}, {"photo": 15978, "product": 3236, "bbox": {"width": 827, "top": 1458, "left": 75, "height": 1091}}, {"photo": 13604, "product": 2704, "bbox": {"width": 218, "top": 239, "left": 79, "height": 365}}, {"photo": 11794, "product": 4019, "bbox": {"width": 262, "top": 458, "left": 274, "height": 545}}, {"photo": 7520, "product": 4019, "bbox": {"width": 78, "top": 22, "left": 40, "height": 150}}, {"photo": 330013, "product": 5194, "bbox": {"width": 541, "top": 1458, "left": 376, "height": 997}}, {"photo": 330002, "product": 4019, "bbox": {"width": 322, "top": 580, "left": 248, "height": 537}}, {"photo": 8897, "product": 1105, "bbox": {"width": 438, "top": 518, "left": 132, "height": 528}}, {"photo": 12825, "product": 4788, "bbox": {"width": 282, "top": 543, "left": 360, "height": 585}}, {"photo": 4617, "product": 586, "bbox": {"width": 114, "top": 291, "left": 167, "height": 339}}, {"photo": 13833, "product": 3302, "bbox": {"width": 316, "top": 504, "left": 276, "height": 594}}, {"photo": 14602, "product": 4019, "bbox": {"width": 665, "top": 2457, "left": 792, "height": 1200}}, {"photo": 4927, "product": 1115, "bbox": {"width": 880, "top": 1180, "left": 675, "height": 1435}}, {"photo": 7865, "product": 2684, "bbox": {"width": 235, "top": 358, "left": 416, "height": 474}}, {"photo": 12810, "product": 879, "bbox": {"width": 128, "top": 364, "left": 372, "height": 408}}, {"photo": 10135, "product": 2600, "bbox": {"width": 747, "top": 1492, "left": 1107, "height": 1044}}, {"photo": 17072, "product": 4019, "bbox": {"width": 462, "top": 1188, "left": 263, "height": 1111}}, {"photo": 1992, "product": 4019, "bbox": {"width": 194, "top": 239, "left": 292, "height": 339}}, {"photo": 14443, "product": 2518, "bbox": {"width": 416, "top": 500, "left": 237, "height": 140}}, {"photo": 15922, "product": 2600, "bbox": {"width": 887, "top": 1350, "left": 4, "height": 1365}}, {"photo": 14214, "product": 4019, "bbox": {"width": 193, "top": 421, "left": 153, "height": 191}}, {"photo": 6575, "product": 2684, "bbox": {"width": 457, "top": 1116, "left": 1606, "height": 795}}, {"photo": 7590, "product": 793, "bbox": {"width": 166, "top": 591, "left": 391, "height": 533}}, {"photo": 10031, "product": 3506, "bbox": {"width": 232, "top": 319, "left": 72, "height": 293}}, {"photo": 11503, "product": 3302, "bbox": {"width": 147, "top": 330, "left": 213, "height": 215}}, {"photo": 5063, "product": 4019, "bbox": {"width": 382, "top": 316, "left": 155, "height": 273}}, {"photo": 863, "product": 2647, "bbox": {"width": 159, "top": 375, "left": 148, "height": 269}}, {"photo": 2470, "product": 804, "bbox": {"width": 1124, "top": 3062, "left": 1228, "height": 2189}}, {"photo": 18660, "product": 4788, "bbox": {"width": 170, "top": 300, "left": 306, "height": 226}}, {"photo": 10207, "product": 3302, "bbox": {"width": 847, "top": 2695, "left": 1166, "height": 1443}}, {"photo": 8519, "product": 1183, "bbox": {"width": 296, "top": 591, "left": 152, "height": 520}}, {"photo": 13158, "product": 2256, "bbox": {"width": 206, "top": 371, "left": 86, "height": 587}}, {"photo": 5970, "product": 1014, "bbox": {"width": 324, "top": 625, "left": 420, "height": 290}}, {"photo": 330184, "product": 2518, "bbox": {"width": 461, "top": 943, "left": 263, "height": 1079}}, {"photo": 17862, "product": 3595, "bbox": {"width": 647, "top": 2535, "left": 1142, "height": 292}}, {"photo": 55, "product": 4881, "bbox": {"width": 246, "top": 593, "left": 345, "height": 472}}, {"photo": 15425, "product": 4788, "bbox": {"width": 489, "top": 709, "left": 311, "height": 647}}, {"photo": 2518, "product": 3037, "bbox": {"width": 107, "top": 417, "left": 260, "height": 164}}, {"photo": 11489, "product": 3893, "bbox": {"width": 7, "top": 1499, "left": 1051, "height": 21}}, {"photo": 1814, "product": 2109, "bbox": {"width": 473, "top": 818, "left": 461, "height": 1232}}, {"photo": 3879, "product": 3556, "bbox": {"width": 139, "top": 228, "left": 189, "height": 321}}, {"photo": 16263, "product": 2977, "bbox": {"width": 236, "top": 457, "left": 254, "height": 390}}, {"photo": 11279, "product": 3595, "bbox": {"width": 378, "top": 561, "left": 300, "height": 576}}, {"photo": 18010, "product": 5008, "bbox": {"width": 211, "top": 675, "left": 234, "height": 426}}, {"photo": 8299, "product": 2653, "bbox": {"width": 204, "top": 464, "left": 384, "height": 568}}, {"photo": 98744, "product": 1922, "bbox": {"width": 79.0, "top": 274.0, "left": 180.0, "height": 262.0}}, {"photo": 13158, "product": 2256, "bbox": {"width": 229, "top": 366, "left": 385, "height": 587}}, {"photo": 6141, "product": 2431, "bbox": {"width": 1216, "top": 1219, "left": 94, "height": 1026}}, {"photo": 3750, "product": 3236, "bbox": {"width": 705, "top": 1150, "left": 695, "height": 1190}}, {"photo": 7040, "product": 1805, "bbox": {"width": 236, "top": 322, "left": 158, "height": 192}}, {"photo": 13826, "product": 2600, "bbox": {"width": 398, "top": 544, "left": 22, "height": 173}}, {"photo": 15922, "product": 2600, "bbox": {"width": 714, "top": 1415, "left": 18, "height": 1172}}, {"photo": 2829, "product": 804, "bbox": {"width": 153, "top": 313, "left": 66, "height": 237}}, {"photo": 5547, "product": 4019, "bbox": {"width": 867, "top": 1770, "left": 225, "height": 332}}, {"photo": 16441, "product": 1118, "bbox": {"width": 1171, "top": 1597, "left": 436, "height": 1248}}, {"photo": 3455, "product": 1183, "bbox": {"width": 287, "top": 738, "left": 180, "height": 394}}, {"photo": 2261, "product": 3893, "bbox": {"width": 432, "top": 1071, "left": 709, "height": 805}}, {"photo": 363636, "product": 2226, "bbox": {"width": 823, "top": 2815, "left": 981, "height": 1550}}, {"photo": 11402, "product": 2684, "bbox": {"width": 226, "top": 667, "left": 225, "height": 357}}, {"photo": 556, "product": 1778, "bbox": {"width": 1180, "top": 2065, "left": 631, "height": 1181}}, {"photo": 4937, "product": 3871, "bbox": {"width": 540, "top": 521, "left": 156, "height": 615}}, {"photo": 3006, "product": 804, "bbox": {"width": 475, "top": 1040, "left": 360, "height": 1092}}, {"photo": 522, "product": 3010, "bbox": {"width": 142, "top": 348, "left": 171, "height": 154}}, {"photo": 12982, "product": 731, "bbox": {"width": 78, "top": 301, "left": 205, "height": 128}}, {"photo": 2636, "product": 302, "bbox": {"width": 1047, "top": 3571, "left": 1459, "height": 1652}}, {"photo": 98744, "product": 1922, "bbox": {"width": 145.0, "top": 285.0, "left": 109.0, "height": 271.0}}, {"photo": 11726, "product": 4019, "bbox": {"width": 165, "top": 263, "left": 316, "height": 279}}, {"photo": 17439, "product": 2431, "bbox": {"width": 349, "top": 1847, "left": 213, "height": 1170}}, {"photo": 12401, "product": 4027, "bbox": {"width": 396, "top": 621, "left": 254, "height": 594}}, {"photo": 15965, "product": 4003, "bbox": {"width": 434, "top": 866, "left": 581, "height": 670}}, {"photo": 3530, "product": 2431, "bbox": {"width": 706, "top": 1259, "left": 727, "height": 1021}}, {"photo": 892, "product": 4019, "bbox": {"width": 445, "top": 263, "left": 154, "height": 264}}, {"photo": 2636, "product": 302, "bbox": {"width": 1296, "top": 3254, "left": 1478, "height": 1988}}, {"photo": 13934, "product": 3302, "bbox": {"width": 331, "top": 522, "left": 186, "height": 481}}, {"photo": 330184, "product": 2518, "bbox": {"width": 417, "top": 965, "left": 299, "height": 1043}}, {"photo": 8139, "product": 4788, "bbox": {"width": 484, "top": 608, "left": 171, "height": 356}}, {"photo": 18065, "product": 3775, "bbox": {"width": 274, "top": 291, "left": 206, "height": 789}}, {"photo": 5222, "product": 1407, "bbox": {"width": 460, "top": 1335, "left": 660, "height": 1600}}, {"photo": 14488, "product": 3595, "bbox": {"width": 895, "top": 1360, "left": 370, "height": 1305}}, {"photo": 11538, "product": 2887, "bbox": {"width": 187, "top": 438, "left": 219, "height": 102}}, {"photo": 14118, "product": 2256, "bbox": {"width": 206, "top": 371, "left": 693, "height": 563}}, {"photo": 5802, "product": 782, "bbox": {"width": 174, "top": 291, "left": 79, "height": 279}}, {"photo": 6004, "product": 2846, "bbox": {"width": 593, "top": 1309, "left": 490, "height": 454}}, {"photo": 9302, "product": 582, "bbox": {"width": 872, "top": 1870, "left": 752, "height": 781}}, {"photo": 9356, "product": 4036, "bbox": {"width": 282, "top": 295, "left": 149, "height": 335}}, {"photo": 12737, "product": 582, "bbox": {"width": 398, "top": 763, "left": 731, "height": 1152}}, {"photo": 18096, "product": 2268, "bbox": {"width": 366, "top": 508, "left": 123, "height": 452}}, {"photo": 4414, "product": 2518, "bbox": {"width": 669, "top": 1049, "left": 442, "height": 1142}}, {"photo": 6050, "product": 4788, "bbox": {"width": 421, "top": 440, "left": 400, "height": 1181}}, {"photo": 4109, "product": 4442, "bbox": {"width": 231, "top": 409, "left": 160, "height": 394}}, {"photo": 13547, "product": 5543, "bbox": {"width": 217, "top": 234, "left": 113, "height": 376}}, {"photo": 15369, "product": 3673, "bbox": {"width": 387, "top": 219, "left": 271, "height": 576}}, {"photo": 13961, "product": 1778, "bbox": {"width": 495, "top": 1710, "left": 730, "height": 815}}, {"photo": 329759, "product": 4019, "bbox": {"width": 729, "top": 1521, "left": 909, "height": 1405}}, {"photo": 12051, "product": 4019, "bbox": {"width": 148, "top": 389, "left": 221, "height": 226}}, {"photo": 6109, "product": 2846, "bbox": {"width": 798, "top": 1078, "left": 198, "height": 1355}}, {"photo": 329898, "product": 2104, "bbox": {"width": 439, "top": 1546, "left": 285, "height": 417}}, {"photo": 18507, "product": 492, "bbox": {"width": 974, "top": 1905, "left": 751, "height": 1318}}, {"photo": 14663, "product": 4788, "bbox": {"width": 644, "top": 1250, "left": 159, "height": 600}}, {"photo": 2629, "product": 4000, "bbox": {"width": 847, "top": 2833, "left": 1226, "height": 1711}}, {"photo": 7861, "product": 495, "bbox": {"width": 155, "top": 290, "left": 379, "height": 190}}, {"photo": 2677, "product": 2131, "bbox": {"width": 1306, "top": 1173, "left": 1888, "height": 1959}}, {"photo": 5413, "product": 4019, "bbox": {"width": 204, "top": 980, "left": 686, "height": 600}}, {"photo": 12082, "product": 2669, "bbox": {"width": 624, "top": 1260, "left": 311, "height": 1198}}, {"photo": 8121, "product": 4514, "bbox": {"width": 342, "top": 545, "left": 184, "height": 609}}, {"photo": 11672, "product": 4019, "bbox": {"width": 1111, "top": 2257, "left": 1002, "height": 1741}}, {"photo": 14822, "product": 616, "bbox": {"width": 928, "top": 1740, "left": 597, "height": 1886}}, {"photo": 329854, "product": 131, "bbox": {"width": 159, "top": 422, "left": 257, "height": 389}}, {"photo": 8570, "product": 5349, "bbox": {"width": 186, "top": 294, "left": 134, "height": 328}}, {"photo": 14165, "product": 900, "bbox": {"width": 794, "top": 1251, "left": 785, "height": 1146}}, {"photo": 11660, "product": 804, "bbox": {"width": 466, "top": 1510, "left": 677, "height": 599}}, {"photo": 15965, "product": 4003, "bbox": {"width": 478, "top": 921, "left": 597, "height": 615}}, {"photo": 16985, "product": 3723, "bbox": {"width": 211, "top": 411, "left": 64, "height": 229}}, {"photo": 6405, "product": 804, "bbox": {"width": 202, "top": 300, "left": 257, "height": 124}}, {"photo": 6575, "product": 2684, "bbox": {"width": 491, "top": 1161, "left": 1031, "height": 767}}, {"photo": 15030, "product": 302, "bbox": {"width": 229, "top": 745, "left": 338, "height": 497}}, {"photo": 9285, "product": 5622, "bbox": {"width": 743, "top": 1592, "left": 802, "height": 1000}}, {"photo": 7395, "product": 3885, "bbox": {"width": 87, "top": 196, "left": 270, "height": 85}}, {"photo": 13072, "product": 5014, "bbox": {"width": 189, "top": 476, "left": 65, "height": 164}}, {"photo": 4739, "product": 2653, "bbox": {"width": 483, "top": 917, "left": 497, "height": 1131}}, {"photo": 6580, "product": 1014, "bbox": {"width": 717, "top": 1739, "left": 1094, "height": 1251}}, {"photo": 760, "product": 2846, "bbox": {"width": 441, "top": 1273, "left": 1019, "height": 608}}, {"photo": 11060, "product": 616, "bbox": {"width": 935, "top": 2215, "left": 439, "height": 1617}}, {"photo": 7367, "product": 3037, "bbox": {"width": 147, "top": 271, "left": 28, "height": 311}}, {"photo": 363636, "product": 2226, "bbox": {"width": 964, "top": 2744, "left": 884, "height": 1683}}, {"photo": 7865, "product": 2684, "bbox": {"width": 245, "top": 382, "left": 424, "height": 485}}, {"photo": 10764, "product": 3723, "bbox": {"width": 164, "top": 269, "left": 229, "height": 335}}, {"photo": 12215, "product": 4384, "bbox": {"width": 478, "top": 643, "left": 858, "height": 942}}, {"photo": 15058, "product": 3723, "bbox": {"width": 614, "top": 1017, "left": 354, "height": 1313}}, {"photo": 6329, "product": 3327, "bbox": {"width": 658, "top": 1579, "left": 2112, "height": 1486}}, {"photo": 12789, "product": 1014, "bbox": {"width": 123, "top": 370, "left": 93, "height": 129}}, {"photo": 9403, "product": 3302, "bbox": {"width": 222, "top": 667, "left": 298, "height": 474}}, {"photo": 9484, "product": 2268, "bbox": {"width": 365, "top": 631, "left": 210, "height": 700}}, {"photo": 8368, "product": 2518, "bbox": {"width": 907, "top": 1141, "left": 164, "height": 878}}, {"photo": 15530, "product": 2019, "bbox": {"width": 296, "top": 467, "left": 413, "height": 676}}, {"photo": 11085, "product": 2431, "bbox": {"width": 754, "top": 1370, "left": 1016, "height": 1379}}, {"photo": 8442, "product": 3124, "bbox": {"width": 392, "top": 1229, "left": 590, "height": 783}}, {"photo": 2799, "product": 3723, "bbox": {"width": 313, "top": 477, "left": 273, "height": 745}}, {"photo": 12737, "product": 582, "bbox": {"width": 320, "top": 772, "left": 256, "height": 1107}}, {"photo": 669, "product": 2938, "bbox": {"width": 904, "top": 786, "left": 827, "height": 1440}}, {"photo": 10939, "product": 165, "bbox": {"width": 537, "top": 900, "left": 740, "height": 451}}, {"photo": 14505, "product": 4788, "bbox": {"width": 590, "top": 1646, "left": 428, "height": 743}}, {"photo": 13547, "product": 5543, "bbox": {"width": 211, "top": 233, "left": 116, "height": 372}}, {"photo": 11422, "product": 2604, "bbox": {"width": 630, "top": 1140, "left": 695, "height": 1460}}, {"photo": 47, "product": 5046, "bbox": {"width": 289, "top": 466, "left": 569, "height": 460}}, {"photo": 98744, "product": 1922, "bbox": {"width": 104.0, "top": 289.0, "left": 115.0, "height": 267.0}}, {"photo": 8519, "product": 1183, "bbox": {"width": 318, "top": 636, "left": 134, "height": 503}}, {"photo": 11287, "product": 4467, "bbox": {"width": 816, "top": 2179, "left": 1183, "height": 665}}, {"photo": 5146, "product": 782, "bbox": {"width": 169, "top": 599, "left": 675, "height": 286}}, {"photo": 16985, "product": 3723, "bbox": {"width": 86, "top": 201, "left": 115, "height": 145}}, {"photo": 18262, "product": 2441, "bbox": {"width": 397, "top": 935, "left": 271, "height": 945}}, {"photo": 12695, "product": 4442, "bbox": {"width": 802, "top": 1643, "left": 1083, "height": 1862}}, {"photo": 266, "product": 2431, "bbox": {"width": 135, "top": 595, "left": 248, "height": 325}}, {"photo": 8866, "product": 2704, "bbox": {"width": 4, "top": 1024, "left": 555, "height": 4}}, {"photo": 5777, "product": 302, "bbox": {"width": 593, "top": 999, "left": 1192, "height": 938}}, {"photo": 7572, "product": 4019, "bbox": {"width": 875, "top": 1562, "left": 769, "height": 1574}}, {"photo": 14969, "product": 4019, "bbox": {"width": 205, "top": 454, "left": 224, "height": 229}}, {"photo": 13502, "product": 4788, "bbox": {"width": 848, "top": 2429, "left": 958, "height": 1302}}, {"photo": 13934, "product": 3302, "bbox": {"width": 299, "top": 494, "left": 183, "height": 515}}, {"photo": 2177, "product": 5651, "bbox": {"width": 6, "top": 641, "left": 1707, "height": 6}}, {"photo": 2593, "product": 2938, "bbox": {"width": 161, "top": 130, "left": 162, "height": 270}}, {"photo": 2629, "product": 4000, "bbox": {"width": 1055, "top": 2747, "left": 1149, "height": 1772}}, {"photo": 7691, "product": 4019, "bbox": {"width": 184, "top": 240, "left": 135, "height": 326}}, {"photo": 18524, "product": 582, "bbox": {"width": 706, "top": 1328, "left": 687, "height": 1213}}, {"photo": 8408, "product": 3595, "bbox": {"width": 716, "top": 1397, "left": 530, "height": 962}}, {"photo": 8643, "product": 2518, "bbox": {"width": 156, "top": 251, "left": 149, "height": 356}}, {"photo": 8035, "product": 5651, "bbox": {"width": 288, "top": 411, "left": 211, "height": 392}}, {"photo": 6864, "product": 319, "bbox": {"width": 270, "top": 506, "left": 206, "height": 518}}, {"photo": 11979, "product": 5629, "bbox": {"width": 940, "top": 1597, "left": 536, "height": 542}}, {"photo": 1605, "product": 3723, "bbox": {"width": 638, "top": 1079, "left": 461, "height": 1579}}, {"photo": 6913, "product": 4019, "bbox": {"width": 119, "top": 306, "left": 415, "height": 221}}, {"photo": 18229, "product": 3595, "bbox": {"width": 215, "top": 589, "left": 114, "height": 410}}, {"photo": 669, "product": 2938, "bbox": {"width": 793, "top": 775, "left": 868, "height": 1405}}, {"photo": 13659, "product": 4442, "bbox": {"width": 153, "top": 257, "left": 147, "height": 290}}, {"photo": 7611, "product": 2684, "bbox": {"width": 655, "top": 1460, "left": 365, "height": 1290}}, {"photo": 330003, "product": 4507, "bbox": {"width": 952, "top": 2628, "left": 1025, "height": 1717}}, {"photo": 98456, "product": 804, "bbox": {"width": 560, "top": 1754, "left": 582, "height": 1324}}, {"photo": 4617, "product": 586, "bbox": {"width": 102, "top": 288, "left": 258, "height": 349}}, {"photo": 14041, "product": 5014, "bbox": {"width": 589, "top": 1801, "left": 652, "height": 1015}}, {"photo": 6048, "product": 5014, "bbox": {"width": 1259, "top": 1999, "left": 891, "height": 1038}}, {"photo": 3732, "product": 4036, "bbox": {"width": 228, "top": 697, "left": 4, "height": 235}}, {"photo": 5605, "product": 2186, "bbox": {"width": 990, "top": 1275, "left": 545, "height": 1195}}, {"photo": 13342, "product": 2431, "bbox": {"width": 545, "top": 1490, "left": 435, "height": 1045}}, {"photo": 4004, "product": 4019, "bbox": {"width": 723, "top": 1544, "left": 1025, "height": 1341}}, {"photo": 273, "product": 4003, "bbox": {"width": 156, "top": 291, "left": 34, "height": 270}}, {"photo": 15696, "product": 3871, "bbox": {"width": 325, "top": 257, "left": 127, "height": 261}}, {"photo": 12117, "product": 799, "bbox": {"width": 396, "top": 545, "left": 249, "height": 546}}, {"photo": 14559, "product": 3893, "bbox": {"width": 461, "top": 746, "left": 495, "height": 771}}, {"photo": 14118, "product": 2256, "bbox": {"width": 241, "top": 387, "left": 72, "height": 566}}, {"photo": 12418, "product": 2431, "bbox": {"width": 347, "top": 14, "left": 1545, "height": 274}}, {"photo": 16887, "product": 2780, "bbox": {"width": 281, "top": 593, "left": 173, "height": 513}}, {"photo": 143, "product": 4019, "bbox": {"width": 397, "top": 887, "left": 466, "height": 774}}, {"photo": 329854, "product": 131, "bbox": {"width": 168, "top": 423, "left": 253, "height": 388}}, {"photo": 5966, "product": 5016, "bbox": {"width": 727, "top": 1848, "left": 1176, "height": 1150}}, {"photo": 706, "product": 5014, "bbox": {"width": 706, "top": 1433, "left": 746, "height": 1510}}, {"photo": 15970, "product": 3556, "bbox": {"width": 528, "top": 980, "left": 1041, "height": 1269}}, {"photo": 4367, "product": 2653, "bbox": {"width": 680, "top": 1550, "left": 608, "height": 1235}}, {"photo": 12433, "product": 5530, "bbox": {"width": 321, "top": 1070, "left": 898, "height": 640}}, {"photo": 5966, "product": 5016, "bbox": {"width": 831, "top": 1703, "left": 1147, "height": 1259}}, {"photo": 7367, "product": 2431, "bbox": {"width": 141, "top": 269, "left": 32, "height": 311}}, {"photo": 3241, "product": 4788, "bbox": {"width": 688, "top": 294, "left": 80, "height": 291}}, {"photo": 11503, "product": 3302, "bbox": {"width": 179, "top": 315, "left": 184, "height": 316}}, {"photo": 8576, "product": 1197, "bbox": {"width": 1098, "top": 2600, "left": 1149, "height": 1633}}, {"photo": 14934, "product": 3236, "bbox": {"width": 240, "top": 382, "left": 168, "height": 364}}, {"photo": 5173, "product": 2781, "bbox": {"width": 285, "top": 918, "left": 208, "height": 91}}, {"photo": 12695, "product": 4442, "bbox": {"width": 839, "top": 1477, "left": 982, "height": 2108}}, {"photo": 4356, "product": 2431, "bbox": {"width": 110, "top": 312, "left": 280, "height": 241}}, {"photo": 9302, "product": 582, "bbox": {"width": 572, "top": 1061, "left": 790, "height": 277}}, {"photo": 5987, "product": 5530, "bbox": {"width": 534, "top": 1120, "left": 363, "height": 765}}, {"photo": 1373, "product": 3302, "bbox": {"width": 760, "top": 1154, "left": 897, "height": 707}}, {"photo": 2829, "product": 804, "bbox": {"width": 120, "top": 310, "left": 83, "height": 243}}, {"photo": 3226, "product": 2431, "bbox": {"width": 118, "top": 274, "left": 196, "height": 253}}, {"photo": 13072, "product": 5014, "bbox": {"width": 235, "top": 336, "left": 371, "height": 282}}, {"photo": 11282, "product": 5543, "bbox": {"width": 881, "top": 693, "left": 932, "height": 2460}}, {"photo": 14663, "product": 4788, "bbox": {"width": 599, "top": 1581, "left": 649, "height": 1159}}, {"photo": 1712, "product": 2300, "bbox": {"width": 867, "top": 1309, "left": 307, "height": 1030}}, {"photo": 9230, "product": 2431, "bbox": {"width": 243, "top": 278, "left": 137, "height": 301}}, {"photo": 5146, "product": 782, "bbox": {"width": 159, "top": 575, "left": 168, "height": 244}}, {"photo": 6949, "product": 4019, "bbox": {"width": 618, "top": 1346, "left": 821, "height": 688}}, {"photo": 329792, "product": 1996, "bbox": {"width": 1104, "top": 2134, "left": 1358, "height": 2563}}, {"photo": 12782, "product": 3302, "bbox": {"width": 496, "top": 1552, "left": 410, "height": 170}}, {"photo": 98797, "product": 5014, "bbox": {"width": 624, "top": 1393, "left": 856, "height": 1394}}, {"photo": 330495, "product": 1805, "bbox": {"width": 461, "top": 1212, "left": 891, "height": 1114}}, {"photo": 16985, "product": 3723, "bbox": {"width": 116, "top": 397, "left": 425, "height": 197}}, {"photo": 14165, "product": 900, "bbox": {"width": 671, "top": 1222, "left": 849, "height": 1206}}, {"photo": 18507, "product": 492, "bbox": {"width": 776, "top": 2045, "left": 833, "height": 1219}}, {"photo": 98456, "product": 804, "bbox": {"width": 618, "top": 1661, "left": 1130, "height": 1388}}, {"photo": 329898, "product": 2104, "bbox": {"width": 608, "top": 1364, "left": 215, "height": 622}}, {"photo": 17042, "product": 1727, "bbox": {"width": 257, "top": 512, "left": 210, "height": 666}}, {"photo": 15369, "product": 3673, "bbox": {"width": 242, "top": 604, "left": 354, "height": 363}}, {"photo": 9979, "product": 3717, "bbox": {"width": 189, "top": 229, "left": 157, "height": 310}}, {"photo": 98767, "product": 3959, "bbox": {"width": 1446, "top": 2270, "left": 94, "height": 305}}, {"photo": 11402, "product": 2684, "bbox": {"width": 171, "top": 658, "left": 844, "height": 348}}, {"photo": 7590, "product": 793, "bbox": {"width": 374, "top": 578, "left": 204, "height": 553}}, {"photo": 1785, "product": 3484, "bbox": {"width": 895, "top": 2006, "left": 1119, "height": 2265}}, {"photo": 9015, "product": 4019, "bbox": {"width": 218, "top": 286, "left": 91, "height": 282}}, {"photo": 12466, "product": 3666, "bbox": {"width": 298, "top": 693, "left": 308, "height": 403}}, {"photo": 3732, "product": 4036, "bbox": {"width": 210, "top": 730, "left": 0, "height": 202}}, {"photo": 8679, "product": 4019, "bbox": {"width": 1556, "top": 1324, "left": 50, "height": 1836}}, {"photo": 18156, "product": 4003, "bbox": {"width": 1364, "top": 1521, "left": 425, "height": 1458}}, {"photo": 9440, "product": 4019, "bbox": {"width": 720, "top": 1450, "left": 693, "height": 1169}}, {"photo": 67, "product": 4019, "bbox": {"width": 203, "top": 838, "left": 101, "height": 122}}, {"photo": 4945, "product": 4019, "bbox": {"width": 857, "top": 1649, "left": 332, "height": 1376}}, {"photo": 12842, "product": 2830, "bbox": {"width": 123, "top": 343, "left": 88, "height": 111}}, {"photo": 4414, "product": 2518, "bbox": {"width": 572, "top": 1063, "left": 507, "height": 1184}}, {"photo": 98655, "product": 5543, "bbox": {"width": 210, "top": 518, "left": 392, "height": 293}}, {"photo": 16985, "product": 3723, "bbox": {"width": 285, "top": 400, "left": 4, "height": 240}}, {"photo": 6575, "product": 2684, "bbox": {"width": 553, "top": 1116, "left": 1031, "height": 784}}, {"photo": 9302, "product": 582, "bbox": {"width": 800, "top": 1823, "left": 847, "height": 834}}, {"photo": 9776, "product": 2431, "bbox": {"width": 519, "top": 870, "left": 1027, "height": 1134}}, {"photo": 4627, "product": 782, "bbox": {"width": 471, "top": 1243, "left": 723, "height": 1050}}, {"photo": 6802, "product": 4524, "bbox": {"width": 266, "top": 278, "left": 163, "height": 518}}, {"photo": 13604, "product": 2704, "bbox": {"width": 188, "top": 277, "left": 100, "height": 355}}, {"photo": 10051, "product": 302, "bbox": {"width": 502, "top": 1060, "left": 961, "height": 1085}}, {"photo": 12845, "product": 1368, "bbox": {"width": 199, "top": 222, "left": 42, "height": 317}}, {"photo": 12418, "product": 2431, "bbox": {"width": 352, "top": 0, "left": 1111, "height": 313}}, {"photo": 9979, "product": 3717, "bbox": {"width": 168, "top": 240, "left": 165, "height": 293}}, {"photo": 3750, "product": 3236, "bbox": {"width": 565, "top": 1255, "left": 790, "height": 1125}}, {"photo": 17487, "product": 302, "bbox": {"width": 809, "top": 1548, "left": 469, "height": 925}}, {"photo": 330013, "product": 5194, "bbox": {"width": 506, "top": 1498, "left": 354, "height": 957}}, {"photo": 2799, "product": 3723, "bbox": {"width": 309, "top": 489, "left": 261, "height": 682}}, {"photo": 47, "product": 5046, "bbox": {"width": 222, "top": 466, "left": 152, "height": 472}}, {"photo": 12737, "product": 582, "bbox": {"width": 416, "top": 736, "left": 726, "height": 1116}}, {"photo": 13158, "product": 2256, "bbox": {"width": 218, "top": 336, "left": 60, "height": 594}}, {"photo": 2593, "product": 2938, "bbox": {"width": 150, "top": 133, "left": 180, "height": 262}}, {"photo": 12117, "product": 799, "bbox": {"width": 355, "top": 660, "left": 321, "height": 435}}, {"photo": 10246, "product": 804, "bbox": {"width": 319, "top": 668, "left": 285, "height": 633}}, {"photo": 10694, "product": 3037, "bbox": {"width": 76, "top": 218, "left": 97, "height": 182}}, {"photo": 6780, "product": 2518, "bbox": {"width": 512, "top": 808, "left": 672, "height": 900}}, {"photo": 1143, "product": 2846, "bbox": {"width": 1026, "top": 2016, "left": 763, "height": 1120}}, {"photo": 863, "product": 2647, "bbox": {"width": 160, "top": 367, "left": 155, "height": 282}}, {"photo": 18804, "product": 2653, "bbox": {"width": 727, "top": 936, "left": 124, "height": 1718}}, {"photo": 11675, "product": 4019, "bbox": {"width": 200, "top": 273, "left": 116, "height": 290}}, {"photo": 2177, "product": 5651, "bbox": {"width": 898, "top": 1177, "left": 693, "height": 1621}}, {"photo": 5413, "product": 4019, "bbox": {"width": 200, "top": 1033, "left": 496, "height": 537}}, {"photo": 2639, "product": 3302, "bbox": {"width": 1366, "top": 2419, "left": 803, "height": 2065}}, {"photo": 15067, "product": 3595, "bbox": {"width": 264, "top": 569, "left": 72, "height": 432}}, {"photo": 330511, "product": 4019, "bbox": {"width": 475, "top": 1188, "left": 707, "height": 1015}}, {"photo": 17307, "product": 5256, "bbox": {"width": 234, "top": 420, "left": 175, "height": 433}}, {"photo": 11464, "product": 1208, "bbox": {"width": 782, "top": 1573, "left": 711, "height": 1300}}, {"photo": 13786, "product": 1318, "bbox": {"width": 813, "top": 1707, "left": 312, "height": 1061}}, {"photo": 14439, "product": 4019, "bbox": {"width": 1073, "top": 2191, "left": 198, "height": 1073}}, {"photo": 14531, "product": 1180, "bbox": {"width": 1215, "top": 1300, "left": 555, "height": 975}}, {"photo": 4937, "product": 3871, "bbox": {"width": 460, "top": 495, "left": 204, "height": 656}}, {"photo": 5222, "product": 1407, "bbox": {"width": 1095, "top": 1275, "left": 590, "height": 1595}}, {"photo": 13465, "product": 4019, "bbox": {"width": 675, "top": 1368, "left": 964, "height": 1324}}, {"photo": 11282, "product": 5543, "bbox": {"width": 863, "top": 1264, "left": 1014, "height": 1825}}, {"photo": 15065, "product": 5349, "bbox": {"width": 203, "top": 352, "left": 123, "height": 251}}, {"photo": 17439, "product": 2431, "bbox": {"width": 370, "top": 1790, "left": 531, "height": 1259}}, {"photo": 5173, "product": 2781, "bbox": {"width": 255, "top": 914, "left": 218, "height": 106}}, {"photo": 8442, "product": 3124, "bbox": {"width": 466, "top": 1206, "left": 553, "height": 852}}, {"photo": 15978, "product": 3236, "bbox": {"width": 562, "top": 1398, "left": 199, "height": 1156}}, {"photo": 18262, "product": 2441, "bbox": {"width": 489, "top": 875, "left": 198, "height": 982}}, {"photo": 16263, "product": 2977, "bbox": {"width": 94, "top": 479, "left": 389, "height": 379}}, {"photo": 2639, "product": 3302, "bbox": {"width": 1651, "top": 2445, "left": 639, "height": 2100}}, {"photo": 15332, "product": 4019, "bbox": {"width": 605, "top": 1448, "left": 457, "height": 1279}}, {"photo": 7863, "product": 2684, "bbox": {"width": 661, "top": 1632, "left": 564, "height": 695}}, {"photo": 18369, "product": 4331, "bbox": {"width": 256, "top": 845, "left": 871, "height": 300}}, {"photo": 12782, "product": 3302, "bbox": {"width": 575, "top": 1464, "left": 339, "height": 258}}, {"photo": 2407, "product": 4019, "bbox": {"width": 209, "top": 908, "left": 688, "height": 489}}, {"photo": 100642, "product": 5651, "bbox": {"width": 590, "top": 1213, "left": 868, "height": 1804}}, {"photo": 8035, "product": 5651, "bbox": {"width": 345, "top": 420, "left": 154, "height": 377}}, {"photo": 4617, "product": 586, "bbox": {"width": 160, "top": 278, "left": 184, "height": 347}}, {"photo": 13659, "product": 4442, "bbox": {"width": 171, "top": 247, "left": 136, "height": 296}}, {"photo": 14277, "product": 4788, "bbox": {"width": 315, "top": 1027, "left": 182, "height": 670}}, {"photo": 6817, "product": 5651, "bbox": {"width": 292, "top": 94, "left": 18, "height": 431}}, {"photo": 11660, "product": 804, "bbox": {"width": 512, "top": 1473, "left": 677, "height": 700}}, {"photo": 7590, "product": 793, "bbox": {"width": 100, "top": 586, "left": 278, "height": 187}}, {"photo": 1095, "product": 4788, "bbox": {"width": 236, "top": 667, "left": 582, "height": 55}}, {"photo": 12810, "product": 879, "bbox": {"width": 171, "top": 191, "left": 355, "height": 552}}, {"photo": 2677, "product": 2131, "bbox": {"width": 1042, "top": 1134, "left": 318, "height": 2029}}, {"photo": 14637, "product": 4019, "bbox": {"width": 192, "top": 271, "left": 184, "height": 307}}, {"photo": 7395, "product": 3885, "bbox": {"width": 79, "top": 190, "left": 290, "height": 112}}, {"photo": 18156, "product": 4003, "bbox": {"width": 863, "top": 1439, "left": 687, "height": 1533}}, {"photo": 17983, "product": 4788, "bbox": {"width": 152, "top": 314, "left": 218, "height": 254}}, {"photo": 8866, "product": 2704, "bbox": {"width": 450, "top": 1002, "left": 486, "height": 970}}, {"photo": 6506, "product": 3302, "bbox": {"width": 104, "top": 284, "left": 232, "height": 258}}, {"photo": 15356, "product": 2846, "bbox": {"width": 2, "top": 340, "left": 267, "height": 2}}, {"photo": 12982, "product": 731, "bbox": {"width": 67, "top": 313, "left": 209, "height": 98}}, {"photo": 7397, "product": 5629, "bbox": {"width": 193, "top": 278, "left": 136, "height": 286}}, {"photo": 5605, "product": 2186, "bbox": {"width": 950, "top": 1275, "left": 570, "height": 1225}}, {"photo": 329982, "product": 5622, "bbox": {"width": 186, "top": 908, "left": 499, "height": 663}}, {"photo": 16220, "product": 2431, "bbox": {"width": 337, "top": 218, "left": 209, "height": 308}}, {"photo": 3006, "product": 804, "bbox": {"width": 578, "top": 1057, "left": 1491, "height": 1155}}, {"photo": 4853, "product": 1259, "bbox": {"width": 235, "top": 428, "left": 316, "height": 511}}, {"photo": 13961, "product": 1778, "bbox": {"width": 525, "top": 1735, "left": 710, "height": 810}}, {"photo": 9403, "product": 3302, "bbox": {"width": 254, "top": 667, "left": 268, "height": 451}}, {"photo": 7682, "product": 520, "bbox": {"width": 230, "top": 246, "left": 121, "height": 359}}, {"photo": 7861, "product": 495, "bbox": {"width": 117, "top": 207, "left": 78, "height": 232}}, {"photo": 7367, "product": 3037, "bbox": {"width": 116, "top": 266, "left": 262, "height": 320}}, {"photo": 98778, "product": 5258, "bbox": {"width": 406, "top": 656, "left": 17, "height": 586}}, {"photo": 6194, "product": 3425, "bbox": {"width": 1108, "top": 2069, "left": 582, "height": 1160}}, {"photo": 11294, "product": 3666, "bbox": {"width": 193, "top": 437, "left": 559, "height": 298}}, {"photo": 273, "product": 4003, "bbox": {"width": 158, "top": 301, "left": 34, "height": 248}}, {"photo": 11846, "product": 3406, "bbox": {"width": 700, "top": 1210, "left": 591, "height": 1515}}, {"photo": 11888, "product": 2653, "bbox": {"width": 450, "top": 954, "left": 570, "height": 933}}, {"photo": 17488, "product": 4019, "bbox": {"width": 237, "top": 861, "left": 607, "height": 587}}, {"photo": 14131, "product": 4019, "bbox": {"width": 162, "top": 264, "left": 178, "height": 304}}, {"photo": 10051, "product": 302, "bbox": {"width": 578, "top": 1037, "left": 909, "height": 1178}}, {"photo": 522, "product": 3010, "bbox": {"width": 136, "top": 364, "left": 184, "height": 139}}, {"photo": 16376, "product": 4788, "bbox": {"width": 739, "top": 546, "left": 882, "height": 372}}, {"photo": 14513, "product": 1969, "bbox": {"width": 790, "top": 1425, "left": 370, "height": 1060}}, {"photo": 13359, "product": 4019, "bbox": {"width": 522, "top": 1229, "left": 681, "height": 750}}, {"photo": 14118, "product": 2256, "bbox": {"width": 208, "top": 378, "left": 79, "height": 582}}, {"photo": 10634, "product": 2104, "bbox": {"width": 216, "top": 114, "left": 147, "height": 450}}, {"photo": 6802, "product": 4524, "bbox": {"width": 248, "top": 361, "left": 155, "height": 410}}, {"photo": 9356, "product": 4036, "bbox": {"width": 324, "top": 309, "left": 106, "height": 321}}, {"photo": 14531, "product": 1180, "bbox": {"width": 1280, "top": 1210, "left": 505, "height": 1060}}, {"photo": 13811, "product": 76, "bbox": {"width": 539, "top": 403, "left": 311, "height": 627}}, {"photo": 6864, "product": 319, "bbox": {"width": 156, "top": 516, "left": 338, "height": 504}}, {"photo": 12789, "product": 1014, "bbox": {"width": 136, "top": 352, "left": 80, "height": 149}}, {"photo": 18369, "product": 4331, "bbox": {"width": 261, "top": 876, "left": 650, "height": 200}}, {"photo": 8576, "product": 1197, "bbox": {"width": 864, "top": 2566, "left": 1278, "height": 1685}}, {"photo": 6817, "product": 5651, "bbox": {"width": 234, "top": 108, "left": 37, "height": 387}}, {"photo": 11846, "product": 3406, "bbox": {"width": 602, "top": 1172, "left": 618, "height": 1542}}, {"photo": 16887, "product": 2780, "bbox": {"width": 257, "top": 602, "left": 191, "height": 609}}, {"photo": 5970, "product": 1014, "bbox": {"width": 184, "top": 1511, "left": 180, "height": 85}}, {"photo": 18527, "product": 2938, "bbox": {"width": 277, "top": 778, "left": 484, "height": 475}}, {"photo": 556, "product": 1778, "bbox": {"width": 1503, "top": 1936, "left": 477, "height": 1446}}, {"photo": 12466, "product": 3666, "bbox": {"width": 222, "top": 732, "left": 352, "height": 374}}, {"photo": 2734, "product": 3020, "bbox": {"width": 497, "top": 1316, "left": 674, "height": 1072}}, {"photo": 7611, "product": 2684, "bbox": {"width": 820, "top": 1460, "left": 270, "height": 1150}}, {"photo": 329792, "product": 1996, "bbox": {"width": 840, "top": 2188, "left": 1477, "height": 2344}}, {"photo": 18527, "product": 2938, "bbox": {"width": 348, "top": 761, "left": 453, "height": 509}}, {"photo": 7367, "product": 2431, "bbox": {"width": 136, "top": 272, "left": 251, "height": 317}}, {"photo": 12737, "product": 582, "bbox": {"width": 293, "top": 822, "left": 41, "height": 1006}}, {"photo": 5625, "product": 3494, "bbox": {"width": 840, "top": 1503, "left": 664, "height": 945}}, {"photo": 17128, "product": 4019, "bbox": {"width": 779, "top": 965, "left": 131, "height": 1017}}, {"photo": 18434, "product": 2740, "bbox": {"width": 872, "top": 1275, "left": 530, "height": 1317}}, {"photo": 8927, "product": 4897, "bbox": {"width": 140, "top": 256, "left": 145, "height": 335}}, {"photo": 10031, "product": 3506, "bbox": {"width": 215, "top": 322, "left": 77, "height": 297}}, {"photo": 4964, "product": 5530, "bbox": {"width": 648, "top": 2235, "left": 1025, "height": 1503}}, {"photo": 3455, "product": 1183, "bbox": {"width": 298, "top": 745, "left": 176, "height": 381}}, {"photo": 12631, "product": 3037, "bbox": {"width": 276, "top": 542, "left": 86, "height": 320}}, {"photo": 98704, "product": 5014, "bbox": {"width": 478, "top": 941, "left": 824, "height": 1005}}, {"photo": 2177, "product": 5651, "bbox": {"width": 1160, "top": 571, "left": 664, "height": 2291}}]