[{"photo": 3672, "product": 1240, "bbox": {"width": 279, "top": 330, "left": 678, "height": 70}}, {"photo": 4773, "product": 1017, "bbox": {"width": 102, "top": 217, "left": 254, "height": 64}}, {"photo": 10336, "product": 347, "bbox": {"width": 113, "top": 85, "left": 255, "height": 46}}, {"photo": 18828, "product": 1240, "bbox": {"width": 315, "top": 779, "left": 899, "height": 230}}, {"photo": 8744, "product": 347, "bbox": {"width": 55, "top": 140, "left": 374, "height": 38}}, {"photo": 14485, "product": 850, "bbox": {"width": 310, "top": 270, "left": 1075, "height": 185}}, {"photo": 5551, "product": 704, "bbox": {"width": 463, "top": 499, "left": 1154, "height": 155}}, {"photo": 17147, "product": 645, "bbox": {"width": 244, "top": 617, "left": 330, "height": 174}}, {"photo": 7835, "product": 347, "bbox": {"width": 388, "top": 618, "left": 1030, "height": 166}}, {"photo": 9422, "product": 631, "bbox": {"width": 408, "top": 707, "left": 1478, "height": 229}}, {"photo": 15075, "product": 347, "bbox": {"width": 69, "top": 155, "left": 310, "height": 30}}, {"photo": 812, "product": 1225, "bbox": {"width": 77, "top": 130, "left": 452, "height": 40}}, {"photo": 1858, "product": 704, "bbox": {"width": 80, "top": 84, "left": 198, "height": 30}}, {"photo": 431, "product": 347, "bbox": {"width": 89, "top": 60, "left": 55, "height": 45}}, {"photo": 8294, "product": 347, "bbox": {"width": 49, "top": 65, "left": 182, "height": 25}}, {"photo": 11093, "product": 802, "bbox": {"width": 542, "top": 669, "left": 1174, "height": 193}}, {"photo": 132, "product": 645, "bbox": {"width": 80, "top": 65, "left": 174, "height": 65}}, {"photo": 4773, "product": 1017, "bbox": {"width": 79, "top": 215, "left": 260, "height": 38}}, {"photo": 14426, "product": 802, "bbox": {"width": 48, "top": 27, "left": 215, "height": 46}}, {"photo": 17918, "product": 681, "bbox": {"width": 71, "top": 65, "left": 214, "height": 23}}, {"photo": 16559, "product": 347, "bbox": {"width": 68, "top": 194, "left": 291, "height": 25}}, {"photo": 7181, "product": 153, "bbox": {"width": 275, "top": 420, "left": 865, "height": 155}}, {"photo": 15944, "product": 347, "bbox": {"width": 120, "top": 84, "left": 308, "height": 78}}, {"photo": 17035, "product": 347, "bbox": {"width": 89, "top": 77, "left": 318, "height": 34}}, {"photo": 15237, "product": 347, "bbox": {"width": 63, "top": 135, "left": 245, "height": 40}}, {"photo": 6755, "product": 645, "bbox": {"width": 127, "top": 532, "left": 677, "height": 52}}, {"photo": 13275, "product": 1240, "bbox": {"width": 68, "top": 14, "left": 279, "height": 24}}, {"photo": 1470, "product": 1181, "bbox": {"width": 689, "top": 575, "left": 1940, "height": 350}}, {"photo": 8561, "product": 802, "bbox": {"width": 119, "top": 249, "left": 136, "height": 73}}, {"photo": 14922, "product": 681, "bbox": {"width": 55, "top": 68, "left": 340, "height": 21}}, {"photo": 13900, "product": 1225, "bbox": {"width": 271, "top": 625, "left": 585, "height": 169}}, {"photo": 10394, "product": 873, "bbox": {"width": 545, "top": 1598, "left": 1632, "height": 294}}, {"photo": 12681, "product": 985, "bbox": {"width": 79, "top": 301, "left": 337, "height": 45}}, {"photo": 14254, "product": 347, "bbox": {"width": 99, "top": 127, "left": 121, "height": 39}}, {"photo": 2560, "product": 704, "bbox": {"width": 58, "top": 80, "left": 214, "height": 24}}, {"photo": 18356, "product": 319, "bbox": {"width": 66, "top": 308, "left": 93, "height": 79}}, {"photo": 2829, "product": 631, "bbox": {"width": 95, "top": 342, "left": 117, "height": 71}}, {"photo": 12228, "product": 704, "bbox": {"width": 225, "top": 250, "left": 788, "height": 110}}, {"photo": 18569, "product": 1225, "bbox": {"width": 380, "top": 353, "left": 1040, "height": 209}}, {"photo": 14507, "product": 404, "bbox": {"width": 292, "top": 442, "left": 985, "height": 123}}, {"photo": 12932, "product": 631, "bbox": {"width": 183, "top": 38, "left": 342, "height": 66}}, {"photo": 5249, "product": 347, "bbox": {"width": 137, "top": 160, "left": 407, "height": 96}}, {"photo": 6290, "product": 802, "bbox": {"width": 63, "top": 119, "left": 142, "height": 24}}, {"photo": 10011, "product": 207, "bbox": {"width": 584, "top": 676, "left": 1352, "height": 235}}, {"photo": 16409, "product": 347, "bbox": {"width": 58, "top": 256, "left": 251, "height": 24}}, {"photo": 3308, "product": 347, "bbox": {"width": 42, "top": 344, "left": 324, "height": 22}}, {"photo": 10513, "product": 774, "bbox": {"width": 66, "top": 200, "left": 230, "height": 33}}, {"photo": 5923, "product": 645, "bbox": {"width": 35, "top": 218, "left": 240, "height": 16}}, {"photo": 11114, "product": 631, "bbox": {"width": 528, "top": 1002, "left": 1391, "height": 294}}, {"photo": 2157, "product": 347, "bbox": {"width": 83, "top": 74, "left": 188, "height": 36}}, {"photo": 234, "product": 1225, "bbox": {"width": 449, "top": 424, "left": 1062, "height": 230}}, {"photo": 8067, "product": 631, "bbox": {"width": 107, "top": 130, "left": 378, "height": 37}}, {"photo": 4927, "product": 873, "bbox": {"width": 345, "top": 340, "left": 600, "height": 155}}, {"photo": 14429, "product": 898, "bbox": {"width": 65, "top": 292, "left": 246, "height": 63}}, {"photo": 9699, "product": 1240, "bbox": {"width": 189, "top": 1693, "left": 1166, "height": 417}}, {"photo": 4676, "product": 1225, "bbox": {"width": 115, "top": 183, "left": 490, "height": 50}}, {"photo": 1983, "product": 631, "bbox": {"width": 269, "top": 323, "left": 437, "height": 183}}, {"photo": 11125, "product": 1225, "bbox": {"width": 468, "top": 236, "left": 963, "height": 208}}, {"photo": 14085, "product": 802, "bbox": {"width": 575, "top": 310, "left": 590, "height": 90}}, {"photo": 5129, "product": 1225, "bbox": {"width": 139, "top": 154, "left": 516, "height": 100}}, {"photo": 18308, "product": 116, "bbox": {"width": 70, "top": 336, "left": 123, "height": 48}}, {"photo": 11115, "product": 1240, "bbox": {"width": 467, "top": 1460, "left": 570, "height": 251}}, {"photo": 12765, "product": 1225, "bbox": {"width": 229, "top": 778, "left": 559, "height": 82}}, {"photo": 5947, "product": 681, "bbox": {"width": 604, "top": 504, "left": 3028, "height": 406}}, {"photo": 692, "product": 347, "bbox": {"width": 103, "top": 101, "left": 261, "height": 52}}, {"photo": 16535, "product": 873, "bbox": {"width": 428, "top": 501, "left": 1933, "height": 182}}, {"photo": 1549, "product": 631, "bbox": {"width": 1067, "top": 423, "left": 828, "height": 381}}, {"photo": 14484, "product": 347, "bbox": {"width": 290, "top": 595, "left": 1075, "height": 170}}, {"photo": 12897, "product": 631, "bbox": {"width": 487, "top": 533, "left": 1638, "height": 216}}, {"photo": 15696, "product": 470, "bbox": {"width": 125, "top": 81, "left": 190, "height": 52}}, {"photo": 8288, "product": 1247, "bbox": {"width": 111, "top": 656, "left": 93, "height": 109}}, {"photo": 5512, "product": 347, "bbox": {"width": 67, "top": 54, "left": 204, "height": 36}}, {"photo": 16074, "product": 347, "bbox": {"width": 53, "top": 142, "left": 335, "height": 32}}, {"photo": 17472, "product": 645, "bbox": {"width": 96, "top": 304, "left": 2, "height": 85}}, {"photo": 1525, "product": 645, "bbox": {"width": 59, "top": 112, "left": 322, "height": 29}}, {"photo": 6296, "product": 1247, "bbox": {"width": 77, "top": 80, "left": 183, "height": 25}}, {"photo": 2312, "product": 347, "bbox": {"width": 68, "top": 111, "left": 251, "height": 29}}, {"photo": 2478, "product": 1072, "bbox": {"width": 74, "top": 59, "left": 203, "height": 42}}, {"photo": 7, "product": 1240, "bbox": {"width": 156, "top": 1997, "left": 1080, "height": 78}}, {"photo": 7749, "product": 347, "bbox": {"width": 80, "top": 48, "left": 283, "height": 42}}, {"photo": 546, "product": 704, "bbox": {"width": 56, "top": 140, "left": 177, "height": 18}}, {"photo": 8386, "product": 1225, "bbox": {"width": 412, "top": 636, "left": 861, "height": 180}}, {"photo": 426, "product": 1225, "bbox": {"width": 495, "top": 179, "left": 426, "height": 275}}, {"photo": 16007, "product": 347, "bbox": {"width": 125, "top": 308, "left": 315, "height": 89}}, {"photo": 14399, "product": 347, "bbox": {"width": 141, "top": 92, "left": 692, "height": 28}}, {"photo": 906, "product": 645, "bbox": {"width": 351, "top": 232, "left": 505, "height": 186}}, {"photo": 1016, "product": 1017, "bbox": {"width": 44, "top": 233, "left": 566, "height": 35}}, {"photo": 14650, "product": 631, "bbox": {"width": 244, "top": 160, "left": 956, "height": 117}}, {"photo": 14259, "product": 802, "bbox": {"width": 103, "top": 210, "left": 242, "height": 80}}, {"photo": 17154, "product": 1225, "bbox": {"width": 386, "top": 758, "left": 1163, "height": 142}}, {"photo": 7442, "product": 347, "bbox": {"width": 111, "top": 96, "left": 211, "height": 67}}, {"photo": 13306, "product": 347, "bbox": {"width": 86, "top": 74, "left": 295, "height": 65}}, {"photo": 11020, "product": 1240, "bbox": {"width": 465, "top": 321, "left": 1582, "height": 179}}, {"photo": 14355, "product": 1235, "bbox": {"width": 143, "top": 66, "left": 175, "height": 48}}, {"photo": 6566, "product": 802, "bbox": {"width": 319, "top": 1010, "left": 468, "height": 236}}, {"photo": 5736, "product": 1247, "bbox": {"width": 530, "top": 390, "left": 1236, "height": 212}}, {"photo": 10744, "product": 1225, "bbox": {"width": 251, "top": 246, "left": 643, "height": 116}}, {"photo": 9322, "product": 864, "bbox": {"width": 68, "top": 140, "left": 222, "height": 26}}, {"photo": 15754, "product": 347, "bbox": {"width": 132, "top": 234, "left": 136, "height": 41}}, {"photo": 7006, "product": 450, "bbox": {"width": 228, "top": 437, "left": 1095, "height": 105}}, {"photo": 8894, "product": 1225, "bbox": {"width": 293, "top": 354, "left": 997, "height": 96}}, {"photo": 2560, "product": 704, "bbox": {"width": 73, "top": 69, "left": 211, "height": 42}}, {"photo": 5034, "product": 347, "bbox": {"width": 1072, "top": 1468, "left": 1209, "height": 467}}, {"photo": 13281, "product": 718, "bbox": {"width": 345, "top": 840, "left": 1061, "height": 135}}, {"photo": 724, "product": 347, "bbox": {"width": 84, "top": 106, "left": 276, "height": 34}}, {"photo": 7599, "product": 718, "bbox": {"width": 127, "top": 445, "left": 352, "height": 61}}, {"photo": 15245, "product": 347, "bbox": {"width": 53, "top": 231, "left": 251, "height": 23}}, {"photo": 1075, "product": 802, "bbox": {"width": 288, "top": 263, "left": 905, "height": 107}}, {"photo": 5922, "product": 631, "bbox": {"width": 225, "top": 585, "left": 692, "height": 103}}, {"photo": 16616, "product": 347, "bbox": {"width": 86, "top": 78, "left": 242, "height": 50}}, {"photo": 17167, "product": 347, "bbox": {"width": 56, "top": 168, "left": 207, "height": 28}}, {"photo": 3428, "product": 985, "bbox": {"width": 310, "top": 676, "left": 885, "height": 130}}, {"photo": 2963, "product": 943, "bbox": {"width": 467, "top": 2963, "left": 2548, "height": 493}}, {"photo": 4531, "product": 347, "bbox": {"width": 90, "top": 130, "left": 291, "height": 53}}, {"photo": 15334, "product": 1225, "bbox": {"width": 207, "top": 395, "left": 803, "height": 86}}, {"photo": 3849, "product": 631, "bbox": {"width": 706, "top": 138, "left": 552, "height": 260}}, {"photo": 758, "product": 864, "bbox": {"width": 298, "top": 97, "left": 228, "height": 122}}, {"photo": 11224, "product": 631, "bbox": {"width": 309, "top": 198, "left": 85, "height": 90}}, {"photo": 17708, "product": 943, "bbox": {"width": 131, "top": 370, "left": 375, "height": 51}}, {"photo": 14049, "product": 704, "bbox": {"width": 100, "top": 115, "left": 16, "height": 76}}, {"photo": 8540, "product": 404, "bbox": {"width": 94, "top": 63, "left": 145, "height": 19}}, {"photo": 7201, "product": 631, "bbox": {"width": 304, "top": 194, "left": 1157, "height": 218}}, {"photo": 255, "product": 1225, "bbox": {"width": 108, "top": 223, "left": 464, "height": 48}}, {"photo": 16873, "product": 1266, "bbox": {"width": 106, "top": 181, "left": 259, "height": 46}}, {"photo": 17066, "product": 1225, "bbox": {"width": 262, "top": 228, "left": 808, "height": 108}}, {"photo": 751, "product": 985, "bbox": {"width": 106, "top": 60, "left": 257, "height": 48}}, {"photo": 4418, "product": 1225, "bbox": {"width": 222, "top": 1600, "left": 1714, "height": 100}}, {"photo": 15660, "product": 347, "bbox": {"width": 128, "top": 87, "left": 382, "height": 68}}, {"photo": 5446, "product": 985, "bbox": {"width": 176, "top": 188, "left": 361, "height": 54}}, {"photo": 15199, "product": 704, "bbox": {"width": 186, "top": 481, "left": 2275, "height": 84}}, {"photo": 778, "product": 631, "bbox": {"width": 63, "top": 189, "left": 230, "height": 28}}, {"photo": 12010, "product": 1253, "bbox": {"width": 139, "top": 92, "left": 197, "height": 54}}, {"photo": 14486, "product": 1067, "bbox": {"width": 370, "top": 425, "left": 990, "height": 195}}, {"photo": 339, "product": 347, "bbox": {"width": 154, "top": 515, "left": 574, "height": 88}}, {"photo": 8172, "product": 802, "bbox": {"width": 103, "top": 29, "left": 132, "height": 46}}, {"photo": 2204, "product": 681, "bbox": {"width": 130, "top": 244, "left": 455, "height": 51}}, {"photo": 16261, "product": 645, "bbox": {"width": 113, "top": 87, "left": 280, "height": 68}}, {"photo": 11518, "product": 1225, "bbox": {"width": 285, "top": 328, "left": 946, "height": 105}}, {"photo": 2335, "product": 704, "bbox": {"width": 109, "top": 62, "left": 264, "height": 38}}, {"photo": 11242, "product": 347, "bbox": {"width": 55, "top": 247, "left": 112, "height": 18}}, {"photo": 1123, "product": 1225, "bbox": {"width": 49, "top": 611, "left": 522, "height": 101}}, {"photo": 3691, "product": 704, "bbox": {"width": 260, "top": 790, "left": 1265, "height": 240}}, {"photo": 330213, "product": 347, "bbox": {"width": 148, "top": 4, "left": 437, "height": 55}}, {"photo": 17285, "product": 645, "bbox": {"width": 172, "top": 182, "left": 180, "height": 19}}, {"photo": 13646, "product": 631, "bbox": {"width": 222, "top": 557, "left": 788, "height": 83}}, {"photo": 15721, "product": 1247, "bbox": {"width": 225, "top": 1347, "left": 1486, "height": 398}}, {"photo": 14795, "product": 864, "bbox": {"width": 62, "top": 411, "left": 190, "height": 28}}, {"photo": 10589, "product": 802, "bbox": {"width": 166, "top": 142, "left": 215, "height": 56}}, {"photo": 3528, "product": 1225, "bbox": {"width": 200, "top": 26, "left": 394, "height": 69}}, {"photo": 8400, "product": 1225, "bbox": {"width": 280, "top": 542, "left": 1270, "height": 164}}, {"photo": 7563, "product": 470, "bbox": {"width": 87, "top": 174, "left": 239, "height": 34}}, {"photo": 13936, "product": 681, "bbox": {"width": 123, "top": 65, "left": 154, "height": 57}}, {"photo": 7790, "product": 347, "bbox": {"width": 31, "top": 108, "left": 150, "height": 35}}, {"photo": 18356, "product": 319, "bbox": {"width": 3, "top": 384, "left": 156, "height": 3}}, {"photo": 13919, "product": 802, "bbox": {"width": 365, "top": 270, "left": 785, "height": 115}}, {"photo": 14861, "product": 1225, "bbox": {"width": 410, "top": 351, "left": 1338, "height": 211}}, {"photo": 18287, "product": 347, "bbox": {"width": 65, "top": 95, "left": 314, "height": 29}}, {"photo": 2519, "product": 347, "bbox": {"width": 52, "top": 232, "left": 297, "height": 39}}, {"photo": 2834, "product": 898, "bbox": {"width": 66, "top": 53, "left": 102, "height": 36}}, {"photo": 7455, "product": 943, "bbox": {"width": 274, "top": 1002, "left": 1095, "height": 123}}, {"photo": 7369, "product": 1240, "bbox": {"width": 114, "top": 855, "left": 672, "height": 66}}, {"photo": 9236, "product": 898, "bbox": {"width": 275, "top": 740, "left": 835, "height": 170}}, {"photo": 11430, "product": 347, "bbox": {"width": 115, "top": 107, "left": 155, "height": 45}}, {"photo": 330, "product": 1225, "bbox": {"width": 256, "top": 332, "left": 835, "height": 63}}, {"photo": 7148, "product": 1240, "bbox": {"width": 135, "top": 173, "left": 321, "height": 55}}, {"photo": 9534, "product": 1226, "bbox": {"width": 154, "top": 244, "left": 346, "height": 60}}, {"photo": 4407, "product": 1067, "bbox": {"width": 74, "top": 107, "left": 672, "height": 37}}, {"photo": 879, "product": 1173, "bbox": {"width": 103, "top": 126, "left": 260, "height": 44}}, {"photo": 5947, "product": 347, "bbox": {"width": 768, "top": 449, "left": 2951, "height": 472}}, {"photo": 6307, "product": 347, "bbox": {"width": 103, "top": 97, "left": 447, "height": 65}}, {"photo": 9200, "product": 1253, "bbox": {"width": 118, "top": 188, "left": 304, "height": 49}}, {"photo": 1372, "product": 1240, "bbox": {"width": 128, "top": 164, "left": 658, "height": 71}}, {"photo": 18759, "product": 802, "bbox": {"width": 181, "top": 348, "left": 950, "height": 69}}, {"photo": 2531, "product": 404, "bbox": {"width": 93, "top": 142, "left": 208, "height": 17}}, {"photo": 8624, "product": 1173, "bbox": {"width": 98, "top": 114, "left": 92, "height": 52}}, {"photo": 9462, "product": 873, "bbox": {"width": 292, "top": 165, "left": 354, "height": 132}}, {"photo": 3968, "product": 347, "bbox": {"width": 97, "top": 124, "left": 243, "height": 39}}, {"photo": 16252, "product": 347, "bbox": {"width": 268, "top": 437, "left": 857, "height": 111}}, {"photo": 4312, "product": 1225, "bbox": {"width": 105, "top": 1556, "left": 542, "height": 140}}, {"photo": 2860, "product": 1240, "bbox": {"width": 78, "top": 446, "left": 217, "height": 35}}, {"photo": 1016, "product": 1017, "bbox": {"width": 83, "top": 226, "left": 537, "height": 51}}, {"photo": 18367, "product": 347, "bbox": {"width": 72, "top": 102, "left": 245, "height": 23}}, {"photo": 9483, "product": 655, "bbox": {"width": 104, "top": 162, "left": 330, "height": 48}}, {"photo": 15163, "product": 1253, "bbox": {"width": 318, "top": 2214, "left": 862, "height": 428}}, {"photo": 2892, "product": 943, "bbox": {"width": 82, "top": 67, "left": 192, "height": 26}}, {"photo": 7677, "product": 873, "bbox": {"width": 452, "top": 94, "left": 340, "height": 195}}, {"photo": 18001, "product": 802, "bbox": {"width": 83, "top": 175, "left": 282, "height": 33}}, {"photo": 15034, "product": 645, "bbox": {"width": 82, "top": 72, "left": 220, "height": 45}}, {"photo": 13151, "product": 631, "bbox": {"width": 74, "top": 53, "left": 176, "height": 27}}, {"photo": 9537, "product": 347, "bbox": {"width": 108, "top": 152, "left": 300, "height": 38}}, {"photo": 16272, "product": 864, "bbox": {"width": 100, "top": 152, "left": 270, "height": 40}}, {"photo": 8483, "product": 1240, "bbox": {"width": 150, "top": 368, "left": 216, "height": 190}}, {"photo": 10840, "product": 826, "bbox": {"width": 73, "top": 785, "left": 1387, "height": 90}}, {"photo": 6584, "product": 718, "bbox": {"width": 268, "top": 713, "left": 1070, "height": 74}}, {"photo": 8296, "product": 347, "bbox": {"width": 13, "top": 427, "left": 340, "height": 8}}, {"photo": 2353, "product": 631, "bbox": {"width": 74, "top": 43, "left": 189, "height": 49}}, {"photo": 11565, "product": 898, "bbox": {"width": 230, "top": 340, "left": 845, "height": 85}}, {"photo": 9931, "product": 864, "bbox": {"width": 358, "top": 391, "left": 111, "height": 148}}, {"photo": 14660, "product": 199, "bbox": {"width": 375, "top": 270, "left": 545, "height": 85}}, {"photo": 14003, "product": 347, "bbox": {"width": 96, "top": 150, "left": 351, "height": 52}}, {"photo": 11500, "product": 347, "bbox": {"width": 700, "top": 1261, "left": 1347, "height": 303}}, {"photo": 14629, "product": 985, "bbox": {"width": 105, "top": 41, "left": 265, "height": 66}}, {"photo": 18663, "product": 873, "bbox": {"width": 653, "top": 932, "left": 511, "height": 207}}, {"photo": 12136, "product": 347, "bbox": {"width": 68, "top": 131, "left": 262, "height": 33}}, {"photo": 3694, "product": 1240, "bbox": {"width": 476, "top": 656, "left": 1676, "height": 199}}, {"photo": 8630, "product": 631, "bbox": {"width": 98, "top": 132, "left": 138, "height": 35}}, {"photo": 11437, "product": 645, "bbox": {"width": 69, "top": 62, "left": 211, "height": 56}}, {"photo": 7403, "product": 347, "bbox": {"width": 78, "top": 182, "left": 427, "height": 30}}, {"photo": 18162, "product": 1225, "bbox": {"width": 339, "top": 256, "left": 741, "height": 133}}, {"photo": 370, "product": 631, "bbox": {"width": 420, "top": 752, "left": 2517, "height": 149}}, {"photo": 2517, "product": 347, "bbox": {"width": 50, "top": 284, "left": 255, "height": 20}}, {"photo": 17957, "product": 347, "bbox": {"width": 374, "top": 373, "left": 1422, "height": 179}}, {"photo": 10698, "product": 1235, "bbox": {"width": 237, "top": 163, "left": 403, "height": 104}}, {"photo": 5798, "product": 802, "bbox": {"width": 28, "top": 131, "left": 230, "height": 19}}, {"photo": 546, "product": 704, "bbox": {"width": 84, "top": 137, "left": 154, "height": 39}}, {"photo": 9950, "product": 631, "bbox": {"width": 326, "top": 25, "left": 651, "height": 106}}, {"photo": 6049, "product": 347, "bbox": {"width": 48, "top": 64, "left": 285, "height": 29}}, {"photo": 8628, "product": 631, "bbox": {"width": 339, "top": 454, "left": 979, "height": 88}}, {"photo": 3874, "product": 681, "bbox": {"width": 185, "top": 169, "left": 777, "height": 66}}, {"photo": 7844, "product": 681, "bbox": {"width": 53, "top": 156, "left": 321, "height": 36}}, {"photo": 11052, "product": 1225, "bbox": {"width": 387, "top": 391, "left": 642, "height": 131}}, {"photo": 9608, "product": 802, "bbox": {"width": 66, "top": 130, "left": 322, "height": 35}}, {"photo": 11988, "product": 347, "bbox": {"width": 94, "top": 135, "left": 221, "height": 53}}, {"photo": 15508, "product": 1225, "bbox": {"width": 235, "top": 239, "left": 1091, "height": 118}}, {"photo": 1858, "product": 704, "bbox": {"width": 59, "top": 90, "left": 210, "height": 20}}, {"photo": 5889, "product": 1225, "bbox": {"width": 66, "top": 192, "left": 241, "height": 28}}, {"photo": 2798, "product": 1067, "bbox": {"width": 304, "top": 256, "left": 521, "height": 156}}, {"photo": 3948, "product": 347, "bbox": {"width": 55, "top": 188, "left": 327, "height": 28}}, {"photo": 1932, "product": 470, "bbox": {"width": 70, "top": 55, "left": 234, "height": 36}}, {"photo": 3882, "product": 704, "bbox": {"width": 52, "top": 20, "left": 238, "height": 81}}, {"photo": 16872, "product": 681, "bbox": {"width": 298, "top": 1124, "left": 1148, "height": 88}}, {"photo": 4547, "product": 347, "bbox": {"width": 59, "top": 119, "left": 200, "height": 38}}, {"photo": 8263, "product": 704, "bbox": {"width": 194, "top": 73, "left": 571, "height": 129}}, {"photo": 16684, "product": 404, "bbox": {"width": 78, "top": 100, "left": 254, "height": 40}}, {"photo": 1567, "product": 1225, "bbox": {"width": 179, "top": 190, "left": 407, "height": 81}}, {"photo": 11514, "product": 1240, "bbox": {"width": 60, "top": 180, "left": 576, "height": 30}}, {"photo": 5119, "product": 985, "bbox": {"width": 65, "top": 92, "left": 331, "height": 25}}, {"photo": 14049, "product": 704, "bbox": {"width": 106, "top": 121, "left": 22, "height": 63}}, {"photo": 2335, "product": 704, "bbox": {"width": 90, "top": 62, "left": 268, "height": 36}}, {"photo": 7302, "product": 1247, "bbox": {"width": 96, "top": 135, "left": 236, "height": 36}}, {"photo": 1681, "product": 1210, "bbox": {"width": 68, "top": 85, "left": 196, "height": 29}}, {"photo": 13952, "product": 1225, "bbox": {"width": 131, "top": 133, "left": 469, "height": 79}}, {"photo": 17784, "product": 873, "bbox": {"width": 478, "top": 154, "left": 277, "height": 249}}, {"photo": 9157, "product": 864, "bbox": {"width": 66, "top": 178, "left": 234, "height": 33}}, {"photo": 7023, "product": 873, "bbox": {"width": 458, "top": 41, "left": 64, "height": 202}}, {"photo": 6567, "product": 645, "bbox": {"width": 327, "top": 180, "left": 1091, "height": 124}}, {"photo": 1876, "product": 1225, "bbox": {"width": 334, "top": 455, "left": 1288, "height": 161}}, {"photo": 12039, "product": 681, "bbox": {"width": 121, "top": 134, "left": 92, "height": 45}}, {"photo": 2996, "product": 347, "bbox": {"width": 253, "top": 169, "left": 185, "height": 126}}, {"photo": 1961, "product": 1240, "bbox": {"width": 109, "top": 82, "left": 423, "height": 64}}, {"photo": 8921, "product": 122, "bbox": {"width": 195, "top": 108, "left": 620, "height": 73}}, {"photo": 5993, "product": 347, "bbox": {"width": 309, "top": 205, "left": 358, "height": 153}}, {"photo": 7844, "product": 1240, "bbox": {"width": 79, "top": 143, "left": 314, "height": 56}}, {"photo": 1565, "product": 873, "bbox": {"width": 103, "top": 61, "left": 212, "height": 31}}, {"photo": 1321, "product": 985, "bbox": {"width": 98, "top": 72, "left": 354, "height": 69}}, {"photo": 12767, "product": 631, "bbox": {"width": 254, "top": 581, "left": 485, "height": 140}}, {"photo": 3360, "product": 774, "bbox": {"width": 432, "top": 760, "left": 1719, "height": 173}}, {"photo": 3882, "product": 704, "bbox": {"width": 83, "top": 18, "left": 231, "height": 42}}, {"photo": 14055, "product": 873, "bbox": {"width": 199, "top": 380, "left": 412, "height": 87}}, {"photo": 5156, "product": 1253, "bbox": {"width": 79, "top": 734, "left": 204, "height": 77}}, {"photo": 9489, "product": 718, "bbox": {"width": 235, "top": 285, "left": 955, "height": 130}}, {"photo": 6950, "product": 1067, "bbox": {"width": 281, "top": 117, "left": 297, "height": 127}}, {"photo": 17957, "product": 347, "bbox": {"width": 381, "top": 373, "left": 373, "height": 210}}, {"photo": 10929, "product": 631, "bbox": {"width": 257, "top": 652, "left": 1655, "height": 100}}, {"photo": 1071, "product": 1067, "bbox": {"width": 424, "top": 466, "left": 1520, "height": 372}}, {"photo": 16681, "product": 1210, "bbox": {"width": 63, "top": 118, "left": 358, "height": 29}}, {"photo": 16112, "product": 1225, "bbox": {"width": 444, "top": 530, "left": 1290, "height": 175}}, {"photo": 16264, "product": 347, "bbox": {"width": 150, "top": 604, "left": 634, "height": 98}}, {"photo": 5038, "product": 873, "bbox": {"width": 131, "top": 149, "left": 518, "height": 51}}, {"photo": 9923, "product": 645, "bbox": {"width": 215, "top": 238, "left": 162, "height": 107}}, {"photo": 2365, "product": 873, "bbox": {"width": 150, "top": 31, "left": 159, "height": 97}}, {"photo": 12233, "product": 347, "bbox": {"width": 525, "top": 868, "left": 920, "height": 280}}, {"photo": 12115, "product": 153, "bbox": {"width": 73, "top": 158, "left": 166, "height": 33}}, {"photo": 14832, "product": 404, "bbox": {"width": 346, "top": 418, "left": 863, "height": 193}}, {"photo": 2620, "product": 347, "bbox": {"width": 145, "top": 117, "left": 234, "height": 56}}, {"photo": 5273, "product": 978, "bbox": {"width": 245, "top": 235, "left": 336, "height": 137}}, {"photo": 12228, "product": 704, "bbox": {"width": 208, "top": 253, "left": 788, "height": 130}}, {"photo": 843, "product": 347, "bbox": {"width": 109, "top": 87, "left": 312, "height": 69}}, {"photo": 16753, "product": 802, "bbox": {"width": 98, "top": 71, "left": 270, "height": 53}}, {"photo": 11303, "product": 873, "bbox": {"width": 275, "top": 92, "left": 234, "height": 117}}, {"photo": 1740, "product": 538, "bbox": {"width": 239, "top": 192, "left": 1037, "height": 158}}, {"photo": 12939, "product": 283, "bbox": {"width": 310, "top": 380, "left": 800, "height": 175}}, {"photo": 2018, "product": 347, "bbox": {"width": 78, "top": 88, "left": 280, "height": 48}}, {"photo": 2263, "product": 347, "bbox": {"width": 69, "top": 299, "left": 340, "height": 132}}, {"photo": 8887, "product": 864, "bbox": {"width": 63, "top": 158, "left": 419, "height": 29}}, {"photo": 15377, "product": 774, "bbox": {"width": 60, "top": 98, "left": 342, "height": 59}}, {"photo": 16282, "product": 347, "bbox": {"width": 96, "top": 388, "left": 453, "height": 92}}, {"photo": 14529, "product": 1067, "bbox": {"width": 245, "top": 270, "left": 790, "height": 70}}, {"photo": 4852, "product": 631, "bbox": {"width": 142, "top": 442, "left": 447, "height": 51}}, {"photo": 8997, "product": 347, "bbox": {"width": 68, "top": 158, "left": 230, "height": 50}}, {"photo": 13478, "product": 1013, "bbox": {"width": 250, "top": 280, "left": 925, "height": 100}}, {"photo": 14119, "product": 692, "bbox": {"width": 206, "top": 98, "left": 211, "height": 116}}, {"photo": 330353, "product": 347, "bbox": {"width": 62, "top": 97, "left": 328, "height": 28}}, {"photo": 13483, "product": 1017, "bbox": {"width": 199, "top": 2609, "left": 1097, "height": 156}}, {"photo": 5016, "product": 802, "bbox": {"width": 105, "top": 135, "left": 299, "height": 46}}, {"photo": 5551, "product": 704, "bbox": {"width": 408, "top": 487, "left": 1141, "height": 192}}, {"photo": 5947, "product": 1240, "bbox": {"width": 856, "top": 405, "left": 2896, "height": 582}}, {"photo": 17499, "product": 802, "bbox": {"width": 90, "top": 94, "left": 297, "height": 36}}, {"photo": 12010, "product": 1253, "bbox": {"width": 464, "top": 97, "left": 538, "height": 244}}, {"photo": 16310, "product": 1226, "bbox": {"width": 389, "top": 59, "left": 292, "height": 231}}, {"photo": 8125, "product": 978, "bbox": {"width": 549, "top": 293, "left": 514, "height": 240}}, {"photo": 7256, "product": 1241, "bbox": {"width": 476, "top": 410, "left": 918, "height": 198}}, {"photo": 14377, "product": 347, "bbox": {"width": 94, "top": 79, "left": 346, "height": 73}}, {"photo": 10164, "product": 1240, "bbox": {"width": 76, "top": 230, "left": 340, "height": 39}}, {"photo": 15199, "product": 704, "bbox": {"width": 381, "top": 425, "left": 2201, "height": 213}}, {"photo": 18376, "product": 1225, "bbox": {"width": 250, "top": 380, "left": 926, "height": 141}}, {"photo": 251576, "product": 404, "bbox": {"width": 72, "top": 65, "left": 263, "height": 22}}, {"photo": 7524, "product": 934, "bbox": {"width": 265, "top": 205, "left": 1035, "height": 190}}, {"photo": 10585, "product": 898, "bbox": {"width": 200, "top": 730, "left": 810, "height": 65}}, {"photo": 4369, "product": 1225, "bbox": {"width": 136, "top": 145, "left": 428, "height": 55}}, {"photo": 16499, "product": 1240, "bbox": {"width": 182, "top": 206, "left": 383, "height": 95}}, {"photo": 10909, "product": 347, "bbox": {"width": 81, "top": 64, "left": 165, "height": 29}}, {"photo": 3691, "product": 704, "bbox": {"width": 240, "top": 820, "left": 1295, "height": 160}}, {"photo": 2583, "product": 802, "bbox": {"width": 176, "top": 359, "left": 775, "height": 126}}, {"photo": 329859, "product": 347, "bbox": {"width": 86, "top": 101, "left": 294, "height": 59}}, {"photo": 8561, "product": 802, "bbox": {"width": 108, "top": 206, "left": 770, "height": 57}}, {"photo": 5324, "product": 645, "bbox": {"width": 32, "top": 161, "left": 251, "height": 29}}, {"photo": 10786, "product": 898, "bbox": {"width": 260, "top": 375, "left": 1200, "height": 100}}, {"photo": 15300, "product": 802, "bbox": {"width": 63, "top": 77, "left": 132, "height": 29}}, {"photo": 8263, "product": 704, "bbox": {"width": 180, "top": 69, "left": 548, "height": 120}}, {"photo": 15008, "product": 873, "bbox": {"width": 295, "top": 71, "left": 137, "height": 89}}, {"photo": 334, "product": 347, "bbox": {"width": 55, "top": 81, "left": 471, "height": 30}}, {"photo": 17957, "product": 347, "bbox": {"width": 436, "top": 380, "left": 2517, "height": 195}}, {"photo": 13400, "product": 934, "bbox": {"width": 120, "top": 1750, "left": 1165, "height": 185}}, {"photo": 16367, "product": 802, "bbox": {"width": 75, "top": 75, "left": 264, "height": 30}}, {"photo": 10823, "product": 873, "bbox": {"width": 305, "top": 294, "left": 954, "height": 152}}, {"photo": 5843, "product": 631, "bbox": {"width": 286, "top": 1189, "left": 699, "height": 117}}, {"photo": 13687, "product": 347, "bbox": {"width": 392, "top": 1474, "left": 1326, "height": 116}}, {"photo": 4289, "product": 347, "bbox": {"width": 100, "top": 154, "left": 186, "height": 32}}, {"photo": 8600, "product": 347, "bbox": {"width": 145, "top": 209, "left": 247, "height": 45}}, {"photo": 17313, "product": 347, "bbox": {"width": 183, "top": 103, "left": 405, "height": 56}}, {"photo": 760, "product": 873, "bbox": {"width": 255, "top": 706, "left": 1216, "height": 139}}, {"photo": 11897, "product": 1225, "bbox": {"width": 386, "top": 398, "left": 1433, "height": 142}}, {"photo": 5095, "product": 1225, "bbox": {"width": 373, "top": 205, "left": 1272, "height": 206}}, {"photo": 12422, "product": 1240, "bbox": {"width": 385, "top": 268, "left": 1066, "height": 193}}, {"photo": 9008, "product": 347, "bbox": {"width": 73, "top": 155, "left": 297, "height": 43}}, {"photo": 9604, "product": 1134, "bbox": {"width": 445, "top": 220, "left": 890, "height": 180}}, {"photo": 15959, "product": 631, "bbox": {"width": 234, "top": 225, "left": 332, "height": 84}}, {"photo": 18052, "product": 1225, "bbox": {"width": 35, "top": 105, "left": 276, "height": 22}}, {"photo": 5752, "product": 347, "bbox": {"width": 42, "top": 170, "left": 285, "height": 16}}, {"photo": 13483, "product": 1017, "bbox": {"width": 173, "top": 2652, "left": 1140, "height": 130}}, {"photo": 14356, "product": 774, "bbox": {"width": 229, "top": 129, "left": 177, "height": 77}}, {"photo": 9389, "product": 985, "bbox": {"width": 305, "top": 345, "left": 860, "height": 135}}, {"photo": 14407, "product": 814, "bbox": {"width": 227, "top": 45, "left": 345, "height": 117}}, {"photo": 16401, "product": 1013, "bbox": {"width": 95, "top": 196, "left": 157, "height": 51}}, {"photo": 12981, "product": 450, "bbox": {"width": 295, "top": 430, "left": 975, "height": 125}}, {"photo": 7529, "product": 631, "bbox": {"width": 355, "top": 245, "left": 895, "height": 130}}, {"photo": 16075, "product": 1225, "bbox": {"width": 257, "top": 532, "left": 1072, "height": 139}}, {"photo": 7191, "product": 347, "bbox": {"width": 68, "top": 97, "left": 222, "height": 31}}, {"photo": 5947, "product": 645, "bbox": {"width": 801, "top": 471, "left": 2984, "height": 483}}, {"photo": 2770, "product": 631, "bbox": {"width": 180, "top": 135, "left": 815, "height": 63}}, {"photo": 5728, "product": 347, "bbox": {"width": 88, "top": 571, "left": 363, "height": 172}}, {"photo": 1421, "product": 347, "bbox": {"width": 70, "top": 171, "left": 268, "height": 28}}, {"photo": 363654, "product": 873, "bbox": {"width": 700, "top": 471, "left": 906, "height": 292}}, {"photo": 4331, "product": 802, "bbox": {"width": 397, "top": 396, "left": 1328, "height": 327}}, {"photo": 1910, "product": 985, "bbox": {"width": 68, "top": 106, "left": 174, "height": 26}}, {"photo": 98654, "product": 1225, "bbox": {"width": 74, "top": 361, "left": 200, "height": 36}}, {"photo": 15908, "product": 681, "bbox": {"width": 492, "top": 1006, "left": 1482, "height": 231}}]