[{"photo": 2281, "product": 7871, "bbox": {"width": 112, "top": 335, "height": 204, "left": 59}}, {"photo": 15566, "product": 6788, "bbox": {"width": 253, "top": 1685, "height": 322, "left": 939}}, {"photo": 9127, "product": 10805, "bbox": {"width": 275, "top": 154, "height": 399, "left": 196}}, {"photo": 4345, "product": 7464, "bbox": {"width": 821, "top": 1527, "height": 949, "left": 730}}, {"photo": 9242, "product": 887, "bbox": {"width": 171, "top": 741, "height": 184, "left": 181}}, {"photo": 9534, "product": 9509, "bbox": {"width": 204, "top": 762, "height": 256, "left": 284}}, {"photo": 14330, "product": 4168, "bbox": {"width": 66, "top": 281, "height": 125, "left": 324}}, {"photo": 6165, "product": 4336, "bbox": {"width": 175, "top": 475, "height": 286, "left": 198}}, {"photo": 11904, "product": 2579, "bbox": {"width": 86, "top": 778, "height": 390, "left": 370}}, {"photo": 18877, "product": 4519, "bbox": {"width": 229, "top": 176, "height": 393, "left": 319}}, {"photo": 7028, "product": 7697, "bbox": {"width": 545, "top": 1595, "height": 690, "left": 70}}, {"photo": 9139, "product": 6135, "bbox": {"width": 129, "top": 414, "height": 136, "left": 235}}, {"photo": 330355, "product": 7464, "bbox": {"width": 911, "top": 699, "height": 1663, "left": 1174}}, {"photo": 6495, "product": 10700, "bbox": {"width": 206, "top": 130, "height": 390, "left": 22}}, {"photo": 8327, "product": 1966, "bbox": {"width": 316, "top": 854, "height": 686, "left": 585}}, {"photo": 17868, "product": 2579, "bbox": {"width": 91, "top": 893, "height": 216, "left": 272}}, {"photo": 13230, "product": 6901, "bbox": {"width": 49, "top": 196, "height": 72, "left": 326}}, {"photo": 1010, "product": 9224, "bbox": {"width": 82, "top": 279, "height": 107, "left": 68}}, {"photo": 18115, "product": 7894, "bbox": {"width": 380, "top": 1525, "height": 300, "left": 775}}, {"photo": 9528, "product": 4874, "bbox": {"width": 432, "top": 524, "height": 1061, "left": 909}}, {"photo": 11006, "product": 5843, "bbox": {"width": 555, "top": 511, "height": 318, "left": 622}}, {"photo": 17077, "product": 667, "bbox": {"width": 172, "top": 662, "height": 142, "left": 239}}, {"photo": 15031, "product": 6765, "bbox": {"width": 391, "top": 1790, "height": 524, "left": 3323}}, {"photo": 18015, "product": 7268, "bbox": {"width": 118, "top": 736, "height": 205, "left": 143}}, {"photo": 8927, "product": 8433, "bbox": {"width": 169, "top": 346, "height": 172, "left": 190}}, {"photo": 14989, "product": 2579, "bbox": {"width": 199, "top": 756, "height": 204, "left": 128}}, {"photo": 7647, "product": 3589, "bbox": {"width": 126, "top": 336, "height": 108, "left": 298}}, {"photo": 18060, "product": 7464, "bbox": {"width": 437, "top": 1452, "height": 881, "left": 30}}, {"photo": 2407, "product": 5189, "bbox": {"width": 266, "top": 374, "height": 786, "left": 468}}, {"photo": 380, "product": 9337, "bbox": {"width": 80, "top": 363, "height": 87, "left": 342}}, {"photo": 689, "product": 7464, "bbox": {"width": 701, "top": 594, "height": 1581, "left": 22}}, {"photo": 13880, "product": 7268, "bbox": {"width": 130, "top": 145, "height": 280, "left": 69}}, {"photo": 15760, "product": 1518, "bbox": {"width": 723, "top": 1113, "height": 1009, "left": 501}}, {"photo": 4123, "product": 8926, "bbox": {"width": 24, "top": 336, "height": 53, "left": 255}}, {"photo": 2825, "product": 6206, "bbox": {"width": 82, "top": 138, "height": 280, "left": 135}}, {"photo": 9847, "product": 8905, "bbox": {"width": 407, "top": 2347, "height": 858, "left": 22}}, {"photo": 16852, "product": 7871, "bbox": {"width": 353, "top": 929, "height": 529, "left": 653}}, {"photo": 11798, "product": 4336, "bbox": {"width": 645, "top": 1720, "height": 565, "left": 855}}, {"photo": 3459, "product": 779, "bbox": {"width": 261, "top": 864, "height": 248, "left": 707}}, {"photo": 904, "product": 8905, "bbox": {"width": 701, "top": 1760, "height": 708, "left": 0}}, {"photo": 11006, "product": 5843, "bbox": {"width": 235, "top": 617, "height": 295, "left": 137}}, {"photo": 15889, "product": 4874, "bbox": {"width": 361, "top": 975, "height": 396, "left": 872}}, {"photo": 13961, "product": 10884, "bbox": {"width": 225, "top": 1265, "height": 685, "left": 560}}, {"photo": 10222, "product": 7135, "bbox": {"width": 59, "top": 708, "height": 148, "left": 239}}, {"photo": 6954, "product": 4519, "bbox": {"width": 1106, "top": 2381, "height": 1178, "left": 751}}, {"photo": 8288, "product": 4916, "bbox": {"width": 0.0, "top": 1050.0, "height": 0.0, "left": 114.0}}, {"photo": 11791, "product": 2573, "bbox": {"width": 504, "top": 1510, "height": 809, "left": 2658}}, {"photo": 5611, "product": 4168, "bbox": {"width": 138, "top": 473, "height": 324, "left": 378}}, {"photo": 12124, "product": 1380, "bbox": {"width": 148, "top": 701, "height": 366, "left": 504}}, {"photo": 10874, "product": 6788, "bbox": {"width": 168, "top": 485, "height": 518, "left": 619}}, {"photo": 16304, "product": 1752, "bbox": {"width": 243, "top": 526, "height": 407, "left": 300}}, {"photo": 12984, "product": 6215, "bbox": {"width": 103, "top": 284, "height": 74, "left": 97}}, {"photo": 9236, "product": 1524, "bbox": {"width": 320, "top": 990, "height": 680, "left": 1075}}, {"photo": 5646, "product": 1344, "bbox": {"width": 234, "top": 541, "height": 99, "left": 326}}, {"photo": 16454, "product": 2579, "bbox": {"width": 234, "top": 490, "height": 212, "left": 134}}, {"photo": 9540, "product": 1871, "bbox": {"width": 1324, "top": 3078, "height": 2076, "left": 2345}}, {"photo": 14660, "product": 1109, "bbox": {"width": 495, "top": 1525, "height": 610, "left": 530}}, {"photo": 7722, "product": 8926, "bbox": {"width": 103, "top": 384, "height": 130, "left": 120}}, {"photo": 1961, "product": 4000, "bbox": {"width": 257, "top": 163, "height": 513, "left": 173}}, {"photo": 13623, "product": 5101, "bbox": {"width": 260, "top": 905, "height": 1055, "left": 1140}}, {"photo": 2563, "product": 8198, "bbox": {"width": 1735, "top": 3125, "height": 1739, "left": 1060}}, {"photo": 13476, "product": 7464, "bbox": {"width": 256, "top": 1595, "height": 730, "left": 37}}, {"photo": 6802, "product": 5207, "bbox": {"width": 101, "top": 158, "height": 300, "left": 295}}, {"photo": 677, "product": 8444, "bbox": {"width": 122, "top": 129, "height": 249, "left": 225}}, {"photo": 7785, "product": 1556, "bbox": {"width": 344, "top": 1043, "height": 1155, "left": 1247}}, {"photo": 330265, "product": 4519, "bbox": {"width": 134, "top": 275, "height": 575, "left": 124}}, {"photo": 3357, "product": 3031, "bbox": {"width": 430, "top": 1580, "height": 815, "left": 525}}, {"photo": 98773, "product": 1350, "bbox": {"width": 648, "top": 1394, "height": 433, "left": 375}}, {"photo": 4227, "product": 4168, "bbox": {"width": 550.0, "top": 1830.0, "height": 520.0, "left": 710.0}}, {"photo": 10593, "product": 1651, "bbox": {"width": 255, "top": 34, "height": 219, "left": 324}}, {"photo": 9833, "product": 4510, "bbox": {"width": 360, "top": 725, "height": 320, "left": 382}}, {"photo": 10436, "product": 9927, "bbox": {"width": 86, "top": 84, "height": 54, "left": 169}}, {"photo": 9458, "product": 9945, "bbox": {"width": 253, "top": 691, "height": 235, "left": 113}}, {"photo": 4931, "product": 6482, "bbox": {"width": 65, "top": 406, "height": 261, "left": 384}}, {"photo": 3283, "product": 2579, "bbox": {"width": 195, "top": 915, "height": 436, "left": 412}}, {"photo": 8522, "product": 7837, "bbox": {"width": 138, "top": 110, "height": 237, "left": 157}}, {"photo": 8433, "product": 779, "bbox": {"width": 262, "top": 540, "height": 975, "left": 952}}, {"photo": 1952, "product": 2288, "bbox": {"width": 385, "top": 1095, "height": 875, "left": 746}}, {"photo": 2383, "product": 2781, "bbox": {"width": 152, "top": 344, "height": 207, "left": 145}}, {"photo": 3043, "product": 7063, "bbox": {"width": 417, "top": 1322, "height": 750, "left": 1863}}, {"photo": 11757, "product": 992, "bbox": {"width": 293, "top": 694, "height": 313, "left": 519}}, {"photo": 16866, "product": 2873, "bbox": {"width": 138, "top": 566, "height": 294, "left": 7}}, {"photo": 12117, "product": 7464, "bbox": {"width": 242, "top": 189, "height": 544, "left": 265}}, {"photo": 1509, "product": 3659, "bbox": {"width": 153, "top": 306, "height": 66, "left": 152}}, {"photo": 16524, "product": 6788, "bbox": {"width": 306, "top": 706, "height": 227, "left": 822}}, {"photo": 18365, "product": 6340, "bbox": {"width": 135, "top": 250, "height": 280, "left": 158}}, {"photo": 1728, "product": 6429, "bbox": {"width": 161, "top": 160, "height": 311, "left": 102}}, {"photo": 7368, "product": 4519, "bbox": {"width": 114, "top": 347, "height": 151, "left": 288}}, {"photo": 8596, "product": 779, "bbox": {"width": 301, "top": 1307, "height": 263, "left": 726}}, {"photo": 14999, "product": 7786, "bbox": {"width": 293, "top": 298, "height": 308, "left": 316}}, {"photo": 10123, "product": 2579, "bbox": {"width": 980, "top": 617, "height": 1615, "left": 728}}, {"photo": 330410, "product": 1763, "bbox": {"width": 301, "top": 533, "height": 505, "left": 783}}, {"photo": 13230, "product": 6901, "bbox": {"width": 85, "top": 185, "height": 124, "left": 30}}, {"photo": 18814, "product": 4519, "bbox": {"width": 290, "top": 1580, "height": 330, "left": 980}}, {"photo": 2670, "product": 10916, "bbox": {"width": 105, "top": 376, "height": 131, "left": 255}}, {"photo": 1751, "product": 2595, "bbox": {"width": 172, "top": 528, "height": 161, "left": 149}}, {"photo": 3888, "product": 7815, "bbox": {"width": 601, "top": 1801, "height": 368, "left": 1008}}, {"photo": 12519, "product": 3156, "bbox": {"width": 450, "top": 1199, "height": 688, "left": 482}}, {"photo": 7091, "product": 7350, "bbox": {"width": 430, "top": 1035, "height": 1020, "left": 255}}, {"photo": 330345, "product": 3526, "bbox": {"width": 1254, "top": 1012, "height": 2898, "left": 531}}, {"photo": 11189, "product": 4168, "bbox": {"width": 206, "top": 608, "height": 270, "left": 849}}, {"photo": 1733, "product": 1635, "bbox": {"width": 208, "top": 652, "height": 215, "left": 359}}, {"photo": 9161, "product": 2579, "bbox": {"width": 139, "top": 918, "height": 162, "left": 83}}, {"photo": 11623, "product": 3832, "bbox": {"width": 81, "top": 639, "height": 642, "left": 465}}, {"photo": 1781, "product": 7137, "bbox": {"width": 138, "top": 359, "height": 139, "left": 203}}, {"photo": 4890, "product": 2579, "bbox": {"width": 94, "top": 153, "height": 254, "left": 75}}, {"photo": 18432, "product": 7464, "bbox": {"width": 543, "top": 1309, "height": 866, "left": 624}}, {"photo": 11820, "product": 250, "bbox": {"width": 243, "top": 1113, "height": 282, "left": 472}}, {"photo": 6975, "product": 10953, "bbox": {"width": 260, "top": 590, "height": 1155, "left": 445}}, {"photo": 3196, "product": 2791, "bbox": {"width": 169, "top": 28, "height": 459, "left": 327}}, {"photo": 150, "product": 2579, "bbox": {"width": 133, "top": 353, "height": 647, "left": 85}}, {"photo": 14419, "product": 887, "bbox": {"width": 280, "top": 634, "height": 227, "left": 407}}, {"photo": 5191, "product": 6788, "bbox": {"width": 239, "top": 885, "height": 1032, "left": 635}}, {"photo": 11791, "product": 2573, "bbox": {"width": 281, "top": 1221, "height": 479, "left": 1453}}, {"photo": 17554, "product": 5287, "bbox": {"width": 840, "top": 620, "height": 1400, "left": 395}}, {"photo": 4550, "product": 2579, "bbox": {"width": 176, "top": 418, "height": 187, "left": 441}}, {"photo": 960, "product": 5936, "bbox": {"width": 218, "top": 569, "height": 179, "left": 221}}, {"photo": 11205, "product": 9190, "bbox": {"width": 615, "top": 1350, "height": 1025, "left": 525}}, {"photo": 2335, "product": 3896, "bbox": {"width": 133, "top": 165, "height": 309, "left": 137}}, {"photo": 2803, "product": 4315, "bbox": {"width": 51, "top": 206, "height": 124, "left": 371}}, {"photo": 4441, "product": 4747, "bbox": {"width": 1168, "top": 1249, "height": 2226, "left": 1313}}, {"photo": 7901, "product": 9661, "bbox": {"width": 666, "top": 2885, "height": 640, "left": 1771}}, {"photo": 4644, "product": 9224, "bbox": {"width": 453, "top": 977, "height": 320, "left": 307}}, {"photo": 3976, "product": 887, "bbox": {"width": 116, "top": 986, "height": 245, "left": 73}}, {"photo": 15736, "product": 6788, "bbox": {"width": 476, "top": 1935, "height": 2109, "left": 60}}, {"photo": 13613, "product": 2779, "bbox": {"width": 117, "top": 354, "height": 167, "left": 124}}, {"photo": 1222, "product": 250, "bbox": {"width": 217, "top": 594, "height": 207, "left": 79}}, {"photo": 17332, "product": 1721, "bbox": {"width": 455, "top": 1495, "height": 325, "left": 635}}, {"photo": 10404, "product": 7464, "bbox": {"width": 468, "top": 1527, "height": 1298, "left": 1230}}, {"photo": 16887, "product": 7793, "bbox": {"width": 192, "top": 678, "height": 335, "left": 254}}, {"photo": 12481, "product": 3265, "bbox": {"width": 190, "top": 1565, "height": 520, "left": 520}}, {"photo": 11835, "product": 7672, "bbox": {"width": 254, "top": 258, "height": 343, "left": 77}}, {"photo": 12219, "product": 9741, "bbox": {"width": 482, "top": 2084, "height": 1189, "left": 2160}}, {"photo": 8121, "product": 6429, "bbox": {"width": 257, "top": 715, "height": 333, "left": 130}}, {"photo": 330070, "product": 2004, "bbox": {"width": 77, "top": 661, "height": 117, "left": 84}}, {"photo": 9839, "product": 9340, "bbox": {"width": 744, "top": 1843, "height": 615, "left": 69}}, {"photo": 2062, "product": 2946, "bbox": {"width": 140, "top": 281, "height": 275, "left": 162}}, {"photo": 9675, "product": 8198, "bbox": {"width": 375, "top": 1525, "height": 970, "left": 330}}, {"photo": 7324, "product": 9413, "bbox": {"width": 500, "top": 1710, "height": 560, "left": 1050}}, {"photo": 7925, "product": 2982, "bbox": {"width": 250, "top": 985, "height": 860, "left": 630}}, {"photo": 9554, "product": 3476, "bbox": {"width": 160, "top": 1565, "height": 270, "left": 1145}}, {"photo": 3524, "product": 7429, "bbox": {"width": 471, "top": 1654, "height": 783, "left": 433}}, {"photo": 4877, "product": 9741, "bbox": {"width": 2061, "top": 826, "height": 2467, "left": 2677}}, {"photo": 13243, "product": 9844, "bbox": {"width": 72, "top": 323, "height": 134, "left": 136}}, {"photo": 16353, "product": 9741, "bbox": {"width": 263, "top": 1397, "height": 177, "left": 705}}, {"photo": 12067, "product": 6377, "bbox": {"width": 444, "top": 575, "height": 611, "left": 186}}, {"photo": 16467, "product": 9638, "bbox": {"width": 688, "top": 1328, "height": 1009, "left": 600}}, {"photo": 2701, "product": 10562, "bbox": {"width": 768, "top": 1503, "height": 904, "left": 13}}, {"photo": 12099, "product": 7815, "bbox": {"width": 309, "top": 1523, "height": 175, "left": 709}}, {"photo": 11019, "product": 7250, "bbox": {"width": 188, "top": 752, "height": 225, "left": 229}}, {"photo": 8433, "product": 3832, "bbox": {"width": 257, "top": 1261, "height": 271, "left": 964}}, {"photo": 13048, "product": 4671, "bbox": {"width": 220, "top": 545, "height": 122, "left": 405}}, {"photo": 5984, "product": 6176, "bbox": {"width": 1006, "top": 1147, "height": 1404, "left": 781}}, {"photo": 9616, "product": 5512, "bbox": {"width": 273, "top": 740, "height": 340, "left": 315}}, {"photo": 17398, "product": 1133, "bbox": {"width": 196, "top": 454, "height": 324, "left": 80}}, {"photo": 2238, "product": 2579, "bbox": {"width": 623, "top": 382, "height": 1231, "left": 543}}, {"photo": 12085, "product": 7250, "bbox": {"width": 203, "top": 618, "height": 424, "left": 448}}, {"photo": 16344, "product": 7815, "bbox": {"width": 392, "top": 1341, "height": 397, "left": 987}}, {"photo": 14509, "product": 4519, "bbox": {"width": 76, "top": 257, "height": 286, "left": 228}}, {"photo": 8055, "product": 6092, "bbox": {"width": 150, "top": 406, "height": 342, "left": 180}}, {"photo": 13251, "product": 4168, "bbox": {"width": 450, "top": 762, "height": 1922, "left": 1618}}, {"photo": 330069, "product": 3832, "bbox": {"width": 233, "top": 281, "height": 239, "left": 1}}, {"photo": 9759, "product": 3952, "bbox": {"width": 615, "top": 1010, "height": 750, "left": 980}}, {"photo": 617, "product": 198, "bbox": {"width": 164, "top": 197, "height": 398, "left": 502}}, {"photo": 18203, "product": 10788, "bbox": {"width": 179, "top": 741, "height": 440, "left": 119}}, {"photo": 363605, "product": 4347, "bbox": {"width": 242, "top": 710, "height": 865, "left": 668}}, {"photo": 15205, "product": 10689, "bbox": {"width": 408, "top": 1393, "height": 414, "left": 448}}, {"photo": 7166, "product": 6788, "bbox": {"width": 231, "top": 227, "height": 380, "left": 196}}, {"photo": 10936, "product": 1259, "bbox": {"width": 329, "top": 3257, "height": 1348, "left": 2367}}, {"photo": 9026, "product": 8731, "bbox": {"width": 657, "top": 1157, "height": 1049, "left": 1232}}, {"photo": 11710, "product": 7815, "bbox": {"width": 491.0, "top": 2991.0, "height": 659.0, "left": 2050.0}}, {"photo": 1213, "product": 4747, "bbox": {"width": 1414, "top": 3392, "height": 1414, "left": 1285}}, {"photo": 11786, "product": 779, "bbox": {"width": 134, "top": 208, "height": 342, "left": 315}}, {"photo": 10239, "product": 7464, "bbox": {"width": 1020, "top": 1537, "height": 1884, "left": 1010}}, {"photo": 8054, "product": 242, "bbox": {"width": 117, "top": 341, "height": 162, "left": 261}}, {"photo": 11644, "product": 51, "bbox": {"width": 591, "top": 667, "height": 857, "left": 792}}, {"photo": 17316, "product": 1966, "bbox": {"width": 100, "top": 428, "height": 203, "left": 248}}, {"photo": 3471, "product": 2876, "bbox": {"width": 343, "top": 902, "height": 437, "left": 138}}, {"photo": 9509, "product": 1470, "bbox": {"width": 430, "top": 1520, "height": 800, "left": 1210}}, {"photo": 7217, "product": 5069, "bbox": {"width": 704, "top": 1098, "height": 2247, "left": 2184}}, {"photo": 6561, "product": 9967, "bbox": {"width": 46, "top": 378, "height": 99, "left": 99}}, {"photo": 2390, "product": 7464, "bbox": {"width": 322, "top": 980, "height": 505, "left": 650}}, {"photo": 9862, "product": 1798, "bbox": {"width": 620, "top": 1500, "height": 725, "left": 350}}, {"photo": 15209, "product": 2579, "bbox": {"width": 331, "top": 597, "height": 574, "left": 226}}, {"photo": 6444, "product": 1510, "bbox": {"width": 145, "top": 250, "height": 124, "left": 206}}, {"photo": 10593, "product": 1651, "bbox": {"width": 305, "top": 311, "height": 296, "left": 306}}, {"photo": 13880, "product": 7268, "bbox": {"width": 142, "top": 129, "height": 282, "left": 352}}, {"photo": 2668, "product": 5722, "bbox": {"width": 279, "top": 363, "height": 306, "left": 22}}, {"photo": 7402, "product": 10380, "bbox": {"width": 157, "top": 501, "height": 515, "left": 123}}, {"photo": 251556, "product": 418, "bbox": {"width": 1113, "top": 882, "height": 2948, "left": 1854}}, {"photo": 10086, "product": 2579, "bbox": {"width": 341, "top": 789, "height": 689, "left": 516}}, {"photo": 98739, "product": 9810, "bbox": {"width": 549, "top": 1916, "height": 1136, "left": 1392}}, {"photo": 9721, "product": 7149, "bbox": {"width": 158, "top": 240, "height": 239, "left": 234}}, {"photo": 16496, "product": 2579, "bbox": {"width": 630, "top": 202, "height": 1366, "left": 543}}, {"photo": 12080, "product": 10210, "bbox": {"width": 355, "top": 1585, "height": 420, "left": 975}}, {"photo": 6941, "product": 4168, "bbox": {"width": 106, "top": 728, "height": 222, "left": 177}}, {"photo": 11452, "product": 2579, "bbox": {"width": 266, "top": 328, "height": 558, "left": 338}}, {"photo": 3736, "product": 6324, "bbox": {"width": 720, "top": 535, "height": 1150, "left": 815}}, {"photo": 16469, "product": 1259, "bbox": {"width": 208, "top": 691, "height": 339, "left": 282}}, {"photo": 15572, "product": 3901, "bbox": {"width": 94, "top": 470, "height": 70, "left": 36}}, {"photo": 5607, "product": 9747, "bbox": {"width": 478, "top": 419, "height": 1347, "left": 1183}}, {"photo": 5882, "product": 10202, "bbox": {"width": 785, "top": 1226, "height": 886, "left": 898}}, {"photo": 9721, "product": 7149, "bbox": {"width": 372, "top": 437, "height": 259, "left": 435}}, {"photo": 13058, "product": 2579, "bbox": {"width": 449, "top": 804, "height": 828, "left": 804}}, {"photo": 13654, "product": 4519, "bbox": {"width": 203, "top": 482, "height": 968, "left": 647}}, {"photo": 1788, "product": 4519, "bbox": {"width": 395, "top": 2954, "height": 354, "left": 1941}}, {"photo": 4388, "product": 7268, "bbox": {"width": 128, "top": 265, "height": 116, "left": 246}}, {"photo": 9208, "product": 8926, "bbox": {"width": 64, "top": 636, "height": 102, "left": 236}}, {"photo": 12464, "product": 9509, "bbox": {"width": 334, "top": 1092, "height": 490, "left": 969}}, {"photo": 9578, "product": 4490, "bbox": {"width": 560, "top": 1490, "height": 655, "left": 780}}, {"photo": 6029, "product": 3788, "bbox": {"width": 520, "top": 1430, "height": 530, "left": 85}}, {"photo": 5905, "product": 5101, "bbox": {"width": 79, "top": 94, "height": 247, "left": 216}}, {"photo": 14429, "product": 1340, "bbox": {"width": 128, "top": 116, "height": 207, "left": 6}}, {"photo": 1396, "product": 3766, "bbox": {"width": 116, "top": 392, "height": 137, "left": 304}}, {"photo": 5112, "product": 3609, "bbox": {"width": 1158, "top": 1183, "height": 2480, "left": 1555}}, {"photo": 15940, "product": 4917, "bbox": {"width": 260, "top": 657, "height": 284, "left": 205}}, {"photo": 12092, "product": 9316, "bbox": {"width": 826, "top": 1629, "height": 682, "left": 774}}, {"photo": 4413, "product": 4451, "bbox": {"width": 148, "top": 383, "height": 231, "left": 151}}, {"photo": 14856, "product": 6025, "bbox": {"width": 867, "top": 3115, "height": 319, "left": 2709}}, {"photo": 1654, "product": 2557, "bbox": {"width": 394, "top": 639, "height": 927, "left": 795}}, {"photo": 443, "product": 4039, "bbox": {"width": 420, "top": 760, "height": 1245, "left": 350}}, {"photo": 5799, "product": 6958, "bbox": {"width": 100, "top": 253, "height": 91, "left": 45}}, {"photo": 2393, "product": 133, "bbox": {"width": 140, "top": 691, "height": 133, "left": 136}}, {"photo": 330100, "product": 5259, "bbox": {"width": 219, "top": 350, "height": 508, "left": 239}}, {"photo": 10729, "product": 3901, "bbox": {"width": 370, "top": 1320, "height": 405, "left": 555}}, {"photo": 17703, "product": 6176, "bbox": {"width": 47, "top": 282, "height": 142, "left": 266}}, {"photo": 10394, "product": 6788, "bbox": {"width": 769, "top": 2773, "height": 744, "left": 1114}}, {"photo": 2038, "product": 2595, "bbox": {"width": 174, "top": 460, "height": 235, "left": 158}}, {"photo": 1378, "product": 768, "bbox": {"width": 724, "top": 41, "height": 600, "left": 995}}, {"photo": 9588, "product": 6176, "bbox": {"width": 819, "top": 1586, "height": 1389, "left": 332}}, {"photo": 2062, "product": 2946, "bbox": {"width": 149, "top": 237, "height": 300, "left": 795}}, {"photo": 13370, "product": 3609, "bbox": {"width": 1967, "top": 1945, "height": 1092, "left": 1448}}, {"photo": 2099, "product": 7142, "bbox": {"width": 142, "top": 140, "height": 167, "left": 22}}, {"photo": 98639, "product": 8905, "bbox": {"width": 369, "top": 2339, "height": 851, "left": 910}}, {"photo": 8717, "product": 5264, "bbox": {"width": 160, "top": 392, "height": 292, "left": 194}}, {"photo": 722, "product": 3594, "bbox": {"width": 163, "top": 356, "height": 213, "left": 134}}, {"photo": 12464, "product": 9509, "bbox": {"width": 608, "top": 973, "height": 526, "left": 68}}, {"photo": 6412, "product": 10359, "bbox": {"width": 126, "top": 228, "height": 123, "left": 18}}, {"photo": 3233, "product": 51, "bbox": {"width": 569, "top": 1573, "height": 454, "left": 417}}, {"photo": 8570, "product": 3170, "bbox": {"width": 109, "top": 194, "height": 195, "left": 268}}, {"photo": 17212, "product": 7464, "bbox": {"width": 273, "top": 1561, "height": 455, "left": 1240}}, {"photo": 8428, "product": 8926, "bbox": {"width": 72, "top": 309, "height": 51, "left": 168}}, {"photo": 6037, "product": 9010, "bbox": {"width": 239, "top": 1240, "height": 697, "left": 884}}, {"photo": 2122, "product": 6340, "bbox": {"width": 355, "top": 746, "height": 466, "left": 428}}, {"photo": 11791, "product": 2573, "bbox": {"width": 1223, "top": 3193, "height": 628, "left": 578}}, {"photo": 12517, "product": 9136, "bbox": {"width": 99, "top": 257, "height": 181, "left": 374}}, {"photo": 6274, "product": 9915, "bbox": {"width": 135, "top": 457, "height": 99, "left": 152}}, {"photo": 5312, "product": 7874, "bbox": {"width": 90, "top": 785, "height": 146, "left": 507}}, {"photo": 9298, "product": 6788, "bbox": {"width": 47, "top": 317, "height": 282, "left": 329}}, {"photo": 14349, "product": 8278, "bbox": {"width": 761, "top": 432, "height": 1202, "left": 479}}, {"photo": 3455, "product": 10689, "bbox": {"width": 216, "top": 793, "height": 405, "left": 491}}, {"photo": 7245, "product": 6176, "bbox": {"width": 167, "top": 740, "height": 342, "left": 723}}, {"photo": 8556, "product": 2661, "bbox": {"width": 377, "top": 2337, "height": 790, "left": 782}}, {"photo": 18371, "product": 7063, "bbox": {"width": 494, "top": 554, "height": 1582, "left": 1203}}, {"photo": 16027, "product": 3832, "bbox": {"width": 554, "top": 1206, "height": 776, "left": 361}}, {"photo": 1222, "product": 6613, "bbox": {"width": 204, "top": 588, "height": 221, "left": 74}}, {"photo": 12179, "product": 10227, "bbox": {"width": 340, "top": 330, "height": 446, "left": 136}}, {"photo": 17727, "product": 3426, "bbox": {"width": 828, "top": 804, "height": 1667, "left": 1066}}, {"photo": 13659, "product": 791, "bbox": {"width": 130, "top": 118, "height": 237, "left": 155}}, {"photo": 4412, "product": 6482, "bbox": {"width": 111, "top": 172, "height": 244, "left": 202}}, {"photo": 8666, "product": 9136, "bbox": {"width": 903, "top": 3128, "height": 2156, "left": 2596}}, {"photo": 5053, "product": 5207, "bbox": {"width": 260, "top": 1240, "height": 345, "left": 540}}, {"photo": 16404, "product": 4874, "bbox": {"width": 285, "top": 288, "height": 472, "left": 228}}, {"photo": 14764, "product": 8372, "bbox": {"width": 247, "top": 674, "height": 231, "left": 676}}, {"photo": 2844, "product": 4451, "bbox": {"width": 98, "top": 361, "height": 126, "left": 414}}, {"photo": 879, "product": 3426, "bbox": {"width": 246, "top": 567, "height": 231, "left": 402}}, {"photo": 16416, "product": 1635, "bbox": {"width": 1173, "top": 2773, "height": 1694, "left": 1664}}, {"photo": 4818, "product": 4874, "bbox": {"width": 420, "top": 716, "height": 1306, "left": 559}}, {"photo": 10485, "product": 4490, "bbox": {"width": 142, "top": 98, "height": 292, "left": 758}}, {"photo": 8126, "product": 7464, "bbox": {"width": 942, "top": 225, "height": 1844, "left": 511}}, {"photo": 16213, "product": 10700, "bbox": {"width": 564, "top": 639, "height": 1102, "left": 469}}, {"photo": 18119, "product": 4341, "bbox": {"width": 224, "top": 708, "height": 381, "left": 110}}, {"photo": 8289, "product": 1380, "bbox": {"width": 257, "top": 662, "height": 296, "left": 6}}, {"photo": 5931, "product": 6922, "bbox": {"width": 1176, "top": 2177, "height": 1331, "left": 924}}, {"photo": 6571, "product": 2579, "bbox": {"width": 196, "top": 759, "height": 227, "left": 144}}, {"photo": 8995, "product": 4168, "bbox": {"width": 311, "top": 321, "height": 758, "left": 833}}, {"photo": 4833, "product": 2791, "bbox": {"width": 53, "top": 341, "height": 93, "left": 150}}, {"photo": 3489, "product": 4168, "bbox": {"width": 480, "top": 462, "height": 869, "left": 697}}, {"photo": 13851, "product": 5556, "bbox": {"width": 75, "top": 459, "height": 41, "left": 285}}, {"photo": 16730, "product": 2876, "bbox": {"width": 746, "top": 1053, "height": 802, "left": 20}}, {"photo": 15748, "product": 9777, "bbox": {"width": 161, "top": 189, "height": 453, "left": 128}}, {"photo": 13314, "product": 4593, "bbox": {"width": 345, "top": 1060, "height": 1335, "left": 535}}, {"photo": 1866, "product": 4874, "bbox": {"width": 193, "top": 111, "height": 246, "left": 101}}, {"photo": 16911, "product": 2579, "bbox": {"width": 70, "top": 1138, "height": 152, "left": 478}}, {"photo": 11928, "product": 9077, "bbox": {"width": 205, "top": 509, "height": 347, "left": 746}}, {"photo": 6540, "product": 8905, "bbox": {"width": 859, "top": 1903, "height": 821, "left": 1219}}, {"photo": 11366, "product": 10650, "bbox": {"width": 223, "top": 782, "height": 320, "left": 617}}, {"photo": 11147, "product": 7464, "bbox": {"width": 590, "top": 2470, "height": 1120, "left": 2750}}, {"photo": 10933, "product": 4510, "bbox": {"width": 168, "top": 830, "height": 278, "left": 357}}, {"photo": 16737, "product": 8926, "bbox": {"width": 158, "top": 1045, "height": 213, "left": 936}}, {"photo": 330089, "product": 4553, "bbox": {"width": 1140, "top": 2690, "height": 2782, "left": 0}}, {"photo": 2770, "product": 7268, "bbox": {"width": 121, "top": 764, "height": 74, "left": 643}}, {"photo": 2657, "product": 8905, "bbox": {"width": 362, "top": 1572, "height": 617, "left": 685}}, {"photo": 11304, "product": 4519, "bbox": {"width": 360, "top": 300, "height": 696, "left": 411}}, {"photo": 1448, "product": 7464, "bbox": {"width": 378, "top": 32, "height": 1388, "left": 1654}}, {"photo": 18265, "product": 7894, "bbox": {"width": 268, "top": 334, "height": 435, "left": 267}}, {"photo": 5051, "product": 7149, "bbox": {"width": 162, "top": 491, "height": 204, "left": 347}}, {"photo": 11899, "product": 2608, "bbox": {"width": 336, "top": 277, "height": 521, "left": 137}}, {"photo": 11663, "product": 5537, "bbox": {"width": 346, "top": 210, "height": 524, "left": 367}}, {"photo": 4474, "product": 7815, "bbox": {"width": 237, "top": 1621, "height": 356, "left": 1329}}, {"photo": 7064, "product": 1918, "bbox": {"width": 49, "top": 262, "height": 81, "left": 300}}, {"photo": 7871, "product": 3919, "bbox": {"width": 198, "top": 701, "height": 350, "left": 241}}, {"photo": 330151, "product": 6215, "bbox": {"width": 202, "top": 476, "height": 160, "left": 493}}, {"photo": 12790, "product": 10650, "bbox": {"width": 443, "top": 464, "height": 889, "left": 384}}, {"photo": 11332, "product": 6788, "bbox": {"width": 787, "top": 903, "height": 1428, "left": 664}}, {"photo": 6361, "product": 8926, "bbox": {"width": 71, "top": 501, "height": 123, "left": 67}}, {"photo": 8803, "product": 2779, "bbox": {"width": 96, "top": 333, "height": 164, "left": 358}}, {"photo": 13422, "product": 3092, "bbox": {"width": 545, "top": 1845, "height": 855, "left": 520}}, {"photo": 13547, "product": 7268, "bbox": {"width": 87.0, "top": 287.0, "height": 78.0, "left": 266.0}}, {"photo": 14494, "product": 3832, "bbox": {"width": 601, "top": 2908, "height": 344, "left": 437}}, {"photo": 13951, "product": 1344, "bbox": {"width": 148, "top": 591, "height": 155, "left": 156}}, {"photo": 13240, "product": 1871, "bbox": {"width": 665, "top": 1323, "height": 951, "left": 1148}}, {"photo": 5330, "product": 779, "bbox": {"width": 166, "top": 656, "height": 236, "left": 291}}, {"photo": 7154, "product": 781, "bbox": {"width": 140, "top": 332, "height": 146, "left": 239}}, {"photo": 330107, "product": 4720, "bbox": {"width": 244, "top": 282, "height": 485, "left": 2037}}, {"photo": 10158, "product": 10172, "bbox": {"width": 365, "top": 845, "height": 980, "left": 1005}}, {"photo": 10847, "product": 7276, "bbox": {"width": 242, "top": 214, "height": 473, "left": 177}}, {"photo": 10819, "product": 7464, "bbox": {"width": 194, "top": 899, "height": 344, "left": 837}}, {"photo": 13974, "product": 9043, "bbox": {"width": 83, "top": 101, "height": 189, "left": 122}}, {"photo": 4905, "product": 2636, "bbox": {"width": 855, "top": 3456, "height": 701, "left": 1708}}, {"photo": 3306, "product": 7997, "bbox": {"width": 100, "top": 333, "height": 80, "left": 196}}, {"photo": 7016, "product": 8905, "bbox": {"width": 384, "top": 2159, "height": 1302, "left": 1279}}, {"photo": 4264, "product": 2661, "bbox": {"width": 377, "top": 1775, "height": 730, "left": 45}}, {"photo": 6108, "product": 2791, "bbox": {"width": 792, "top": 2165, "height": 1585, "left": 2035}}, {"photo": 13547, "product": 7268, "bbox": {"width": 112, "top": 301, "height": 61, "left": 264}}, {"photo": 12301, "product": 250, "bbox": {"width": 57, "top": 224, "height": 45, "left": 224}}, {"photo": 3628, "product": 9766, "bbox": {"width": 101, "top": 359, "height": 143, "left": 343}}, {"photo": 251521, "product": 9867, "bbox": {"width": 563, "top": 576, "height": 1664, "left": 397}}, {"photo": 9285, "product": 5585, "bbox": {"width": 411, "top": 1772, "height": 452, "left": 1341}}, {"photo": 13770, "product": 1274, "bbox": {"width": 131, "top": 433, "height": 157, "left": 288}}, {"photo": 3960, "product": 6788, "bbox": {"width": 56, "top": 196, "height": 221, "left": 246}}, {"photo": 8821, "product": 8671, "bbox": {"width": 91, "top": 322, "height": 146, "left": 371}}, {"photo": 8717, "product": 5264, "bbox": {"width": 86.0, "top": 547.0, "height": 131.0, "left": 219.0}}, {"photo": 11950, "product": 7871, "bbox": {"width": 298, "top": 412, "height": 442, "left": 315}}, {"photo": 904, "product": 8905, "bbox": {"width": 535, "top": 1722, "height": 730, "left": 1550}}, {"photo": 989, "product": 2369, "bbox": {"width": 234, "top": 1079, "height": 303, "left": 600}}, {"photo": 6881, "product": 6025, "bbox": {"width": 615, "top": 2018, "height": 1372, "left": 2501}}, {"photo": 8401, "product": 9250, "bbox": {"width": 695, "top": 890, "height": 825, "left": 950}}, {"photo": 8798, "product": 9250, "bbox": {"width": 118, "top": 238, "height": 113, "left": 229}}, {"photo": 329906, "product": 2791, "bbox": {"width": 132, "top": 512, "height": 196, "left": 380}}, {"photo": 8264, "product": 2791, "bbox": {"width": 195, "top": 49, "height": 459, "left": 316}}, {"photo": 12381, "product": 3832, "bbox": {"width": 213, "top": 537, "height": 756, "left": 405}}, {"photo": 98636, "product": 2661, "bbox": {"width": 648, "top": 2633, "height": 775, "left": 1565}}, {"photo": 15530, "product": 9015, "bbox": {"width": 209, "top": 695, "height": 342, "left": 639}}, {"photo": 12070, "product": 7067, "bbox": {"width": 279, "top": 367, "height": 368, "left": 249}}, {"photo": 14007, "product": 7543, "bbox": {"width": 61, "top": 311, "height": 94, "left": 100}}, {"photo": 7477, "product": 667, "bbox": {"width": 127, "top": 304, "height": 385, "left": 165}}, {"photo": 7360, "product": 1340, "bbox": {"width": 232, "top": 624, "height": 352, "left": 398}}, {"photo": 11256, "product": 7907, "bbox": {"width": 479, "top": 1913, "height": 307, "left": 1197}}, {"photo": 3499, "product": 7874, "bbox": {"width": 536, "top": 1252, "height": 1495, "left": 907}}, {"photo": 6996, "product": 2857, "bbox": {"width": 216, "top": 780, "height": 144, "left": 210}}, {"photo": 18146, "product": 242, "bbox": {"width": 200, "top": 728, "height": 261, "left": 402}}, {"photo": 12268, "product": 5537, "bbox": {"width": 355, "top": 788, "height": 411, "left": 182}}, {"photo": 7818, "product": 8690, "bbox": {"width": 777, "top": 508, "height": 1274, "left": 463}}, {"photo": 2247, "product": 17, "bbox": {"width": 44, "top": 345, "height": 80, "left": 348}}, {"photo": 363719, "product": 779, "bbox": {"width": 665, "top": 646, "height": 1312, "left": 845}}, {"photo": 16881, "product": 3168, "bbox": {"width": 68, "top": 647, "height": 85, "left": 143}}, {"photo": 16052, "product": 779, "bbox": {"width": 752, "top": 1084, "height": 1120, "left": 874}}, {"photo": 8055, "product": 6092, "bbox": {"width": 9, "top": 738, "height": 55, "left": 339}}, {"photo": 4327, "product": 10700, "bbox": {"width": 852, "top": 527, "height": 1366, "left": 467}}, {"photo": 14056, "product": 2857, "bbox": {"width": 211, "top": 240, "height": 368, "left": 491}}, {"photo": 11100, "product": 10043, "bbox": {"width": 179, "top": 1167, "height": 414, "left": 977}}, {"photo": 2871, "product": 1853, "bbox": {"width": 172, "top": 226, "height": 489, "left": 106}}, {"photo": 6251, "product": 2579, "bbox": {"width": 195, "top": 467, "height": 166, "left": 56}}, {"photo": 330207, "product": 8905, "bbox": {"width": 249, "top": 2400, "height": 836, "left": 677}}, {"photo": 4679, "product": 1556, "bbox": {"width": 1482, "top": 3196, "height": 1938, "left": 3307}}, {"photo": 15877, "product": 10588, "bbox": {"width": 146, "top": 608, "height": 146, "left": 139}}, {"photo": 7702, "product": 2493, "bbox": {"width": 94, "top": 203, "height": 159, "left": 113}}, {"photo": 14355, "product": 6591, "bbox": {"width": 169, "top": 267, "height": 282, "left": 366}}, {"photo": 11448, "product": 110, "bbox": {"width": 375, "top": 1485, "height": 290, "left": 800}}, {"photo": 17708, "product": 2579, "bbox": {"width": 128, "top": 816, "height": 208, "left": 537}}, {"photo": 8285, "product": 3341, "bbox": {"width": 290, "top": 667, "height": 300, "left": 382}}, {"photo": 12968, "product": 10160, "bbox": {"width": 319, "top": 1199, "height": 392, "left": 698}}, {"photo": 14404, "product": 9638, "bbox": {"width": 886, "top": 676, "height": 1667, "left": 885}}, {"photo": 329906, "product": 2791, "bbox": {"width": 500, "top": 60, "height": 680, "left": 704}}, {"photo": 18242, "product": 9136, "bbox": {"width": 330, "top": 1220, "height": 1015, "left": 580}}, {"photo": 6697, "product": 1721, "bbox": {"width": 51, "top": 326, "height": 94, "left": 267}}, {"photo": 2056, "product": 995, "bbox": {"width": 803, "top": 772, "height": 1836, "left": 222}}, {"photo": 10341, "product": 8911, "bbox": {"width": 570, "top": 605, "height": 1360, "left": 470}}, {"photo": 330107, "product": 4720, "bbox": {"width": 388, "top": 871, "height": 393, "left": 787}}, {"photo": 9280, "product": 3426, "bbox": {"width": 505, "top": 1805, "height": 590, "left": 1135}}, {"photo": 8176, "product": 9681, "bbox": {"width": 347, "top": 450, "height": 403, "left": 401}}, {"photo": 5564, "product": 250, "bbox": {"width": 101, "top": 537, "height": 146, "left": 8}}, {"photo": 4519, "product": 2791, "bbox": {"width": 676, "top": 1046, "height": 972, "left": 485}}, {"photo": 18210, "product": 4142, "bbox": {"width": 435, "top": 1370, "height": 420, "left": 620}}, {"photo": 6129, "product": 887, "bbox": {"width": 873, "top": 1745, "height": 1305, "left": 1175}}, {"photo": 15381, "product": 2781, "bbox": {"width": 288, "top": 1249, "height": 353, "left": 574}}, {"photo": 13403, "product": 110, "bbox": {"width": 88, "top": 356, "height": 85, "left": 151}}, {"photo": 14234, "product": 9704, "bbox": {"width": 223, "top": 755, "height": 300, "left": 59}}, {"photo": 9847, "product": 8905, "bbox": {"width": 565, "top": 609, "height": 1626, "left": 1678}}, {"photo": 12695, "product": 8279, "bbox": {"width": 716, "top": 1976, "height": 739, "left": 1950}}, {"photo": 12013, "product": 10221, "bbox": {"width": 248, "top": 632, "height": 376, "left": 476}}, {"photo": 6817, "product": 2519, "bbox": {"width": 142, "top": 390, "height": 238, "left": 215}}, {"photo": 6377, "product": 7346, "bbox": {"width": 199, "top": 746, "height": 211, "left": 747}}, {"photo": 9215, "product": 3119, "bbox": {"width": 92, "top": 108, "height": 246, "left": 277}}, {"photo": 12475, "product": 8198, "bbox": {"width": 148, "top": 210, "height": 389, "left": 264}}, {"photo": 6746, "product": 3006, "bbox": {"width": 255, "top": 965, "height": 860, "left": 695}}, {"photo": 8567, "product": 5332, "bbox": {"width": 240, "top": 832, "height": 205, "left": 224}}, {"photo": 6593, "product": 9638, "bbox": {"width": 1096, "top": 868, "height": 1662, "left": 547}}, {"photo": 8245, "product": 9550, "bbox": {"width": 224, "top": 747, "height": 320, "left": 128}}, {"photo": 16037, "product": 2685, "bbox": {"width": 192, "top": 882, "height": 195, "left": 556}}, {"photo": 1051, "product": 7464, "bbox": {"width": 415, "top": 405, "height": 1287, "left": 433}}, {"photo": 10426, "product": 8198, "bbox": {"width": 1176, "top": 1356, "height": 3180, "left": 1373}}, {"photo": 4264, "product": 2661, "bbox": {"width": 369, "top": 1790, "height": 1332, "left": 1708}}, {"photo": 4416, "product": 7162, "bbox": {"width": 195, "top": 810, "height": 195, "left": 612}}, {"photo": 17241, "product": 8905, "bbox": {"width": 558, "top": 1557, "height": 1137, "left": 647}}, {"photo": 15459, "product": 51, "bbox": {"width": 83, "top": 333, "height": 131, "left": 108}}, {"photo": 18184, "product": 6176, "bbox": {"width": 350, "top": 1690, "height": 830, "left": 600}}, {"photo": 2478, "product": 10532, "bbox": {"width": 113, "top": 269, "height": 148, "left": 267}}, {"photo": 13160, "product": 9391, "bbox": {"width": 675, "top": 2483, "height": 1235, "left": 916}}, {"photo": 103, "product": 1060, "bbox": {"width": 202, "top": 301, "height": 340, "left": 93}}, {"photo": 8540, "product": 9661, "bbox": {"width": 75, "top": 347, "height": 112, "left": 58}}, {"photo": 4134, "product": 3832, "bbox": {"width": 128, "top": 608, "height": 147, "left": 192}}, {"photo": 7176, "product": 10386, "bbox": {"width": 415, "top": 1190, "height": 675, "left": 155}}, {"photo": 2834, "product": 3006, "bbox": {"width": 94, "top": 223, "height": 137, "left": 346}}, {"photo": 12038, "product": 9888, "bbox": {"width": 47, "top": 386, "height": 116, "left": 280}}, {"photo": 16813, "product": 7815, "bbox": {"width": 342, "top": 989, "height": 339, "left": 575}}, {"photo": 9230, "product": 2362, "bbox": {"width": 82, "top": 356, "height": 150, "left": 107}}, {"photo": 98524, "product": 7696, "bbox": {"width": 2235, "top": 2097, "height": 3375, "left": 629}}, {"photo": 11525, "product": 1492, "bbox": {"width": 313, "top": 835, "height": 370, "left": 495}}, {"photo": 1986, "product": 8639, "bbox": {"width": 321, "top": 630, "height": 244, "left": 315}}, {"photo": 10708, "product": 9509, "bbox": {"width": 225, "top": 1125, "height": 635, "left": 409}}, {"photo": 3976, "product": 887, "bbox": {"width": 572, "top": 1055, "height": 669, "left": 1263}}, {"photo": 239, "product": 2791, "bbox": {"width": 101, "top": 299, "height": 327, "left": 248}}, {"photo": 1493, "product": 1510, "bbox": {"width": 389, "top": 1010, "height": 1042, "left": 1725}}, {"photo": 14764, "product": 8372, "bbox": {"width": 364, "top": 498, "height": 268, "left": 132}}, {"photo": 13981, "product": 10700, "bbox": {"width": 133, "top": 1087, "height": 325, "left": 728}}, {"photo": 7919, "product": 7464, "bbox": {"width": 166, "top": 877, "height": 176, "left": 902}}, {"photo": 5907, "product": 1798, "bbox": {"width": 102, "top": 306, "height": 115, "left": 213}}, {"photo": 1785, "product": 5158, "bbox": {"width": 1024, "top": 902, "height": 1459, "left": 1426}}, {"photo": 2265, "product": 4168, "bbox": {"width": 736, "top": 901, "height": 1686, "left": 103}}, {"photo": 9233, "product": 1763, "bbox": {"width": 154, "top": 287, "height": 163, "left": 133}}, {"photo": 10385, "product": 5570, "bbox": {"width": 674, "top": 2436, "height": 553, "left": 933}}, {"photo": 14193, "product": 3303, "bbox": {"width": 79, "top": 338, "height": 104, "left": 150}}, {"photo": 9133, "product": 4168, "bbox": {"width": 170, "top": 524, "height": 212, "left": 274}}, {"photo": 52, "product": 376, "bbox": {"width": 316, "top": 345, "height": 409, "left": 380}}, {"photo": 6426, "product": 4168, "bbox": {"width": 517, "top": 466, "height": 1095, "left": 380}}, {"photo": 10586, "product": 781, "bbox": {"width": 156.0, "top": 557.0, "height": 248.0, "left": 248.0}}, {"photo": 11756, "product": 7063, "bbox": {"width": 203, "top": 621, "height": 272, "left": 202}}, {"photo": 363719, "product": 779, "bbox": {"width": 473, "top": 664, "height": 1277, "left": 1020}}, {"photo": 1631, "product": 2661, "bbox": {"width": 357, "top": 1102, "height": 317, "left": 895}}, {"photo": 8335, "product": 6135, "bbox": {"width": 115, "top": 224, "height": 165, "left": 282}}, {"photo": 8519, "product": 10689, "bbox": {"width": 207, "top": 749, "height": 433, "left": 521}}, {"photo": 4228, "product": 779, "bbox": {"width": 560, "top": 612, "height": 1172, "left": 792}}, {"photo": 10925, "product": 5537, "bbox": {"width": 519, "top": 856, "height": 1982, "left": 518}}, {"photo": 1716, "product": 17, "bbox": {"width": 56, "top": 343, "height": 51, "left": 255}}, {"photo": 7775, "product": 3589, "bbox": {"width": 48, "top": 267, "height": 87, "left": 51}}, {"photo": 5745, "product": 6448, "bbox": {"width": 515, "top": 1535, "height": 635, "left": 495}}, {"photo": 2800, "product": 418, "bbox": {"width": 137, "top": 244, "height": 355, "left": 168}}, {"photo": 15877, "product": 10588, "bbox": {"width": 185, "top": 608, "height": 153, "left": 128}}, {"photo": 278, "product": 10659, "bbox": {"width": 690, "top": 2120, "height": 515, "left": 735}}, {"photo": 6348, "product": 6448, "bbox": {"width": 550, "top": 1565, "height": 780, "left": 220}}, {"photo": 4543, "product": 5396, "bbox": {"width": 117, "top": 721, "height": 257, "left": 524}}, {"photo": 6630, "product": 10043, "bbox": {"width": 139, "top": 642, "height": 153, "left": 279}}, {"photo": 6709, "product": 6482, "bbox": {"width": 459, "top": 1539, "height": 400, "left": 636}}, {"photo": 14326, "product": 7815, "bbox": {"width": 282, "top": 1551, "height": 403, "left": 450}}, {"photo": 2660, "product": 1274, "bbox": {"width": 374, "top": 721, "height": 1064, "left": 828}}, {"photo": 13027, "product": 2579, "bbox": {"width": 202, "top": 1275, "height": 595, "left": 1668}}, {"photo": 13426, "product": 2461, "bbox": {"width": 395, "top": 915, "height": 1065, "left": 1185}}, {"photo": 10761, "product": 9741, "bbox": {"width": 514, "top": 1049, "height": 983, "left": 954}}, {"photo": 8811, "product": 9927, "bbox": {"width": 295, "top": 185, "height": 342, "left": 347}}, {"photo": 15842, "product": 2579, "bbox": {"width": 1131, "top": 699, "height": 1685, "left": 833}}, {"photo": 10878, "product": 7493, "bbox": {"width": 145, "top": 319, "height": 263, "left": 254}}, {"photo": 4227, "product": 4168, "bbox": {"width": 1036, "top": 650, "height": 1779, "left": 635}}, {"photo": 5733, "product": 3832, "bbox": {"width": 478, "top": 1684, "height": 408, "left": 1218}}, {"photo": 10228, "product": 3832, "bbox": {"width": 418, "top": 1383, "height": 1941, "left": 1587}}, {"photo": 14184, "product": 3916, "bbox": {"width": 733, "top": 2127, "height": 474, "left": 396}}, {"photo": 13633, "product": 7268, "bbox": {"width": 122, "top": 26, "height": 142, "left": 227}}, {"photo": 16510, "product": 5737, "bbox": {"width": 286, "top": 300, "height": 272, "left": 60}}, {"photo": 11710, "product": 7815, "bbox": {"width": 628, "top": 2985, "height": 721, "left": 1956}}, {"photo": 6522, "product": 2518, "bbox": {"width": 1248, "top": 552, "height": 1403, "left": 557}}, {"photo": 9138, "product": 6176, "bbox": {"width": 830, "top": 1652, "height": 1070, "left": 907}}, {"photo": 10297, "product": 4519, "bbox": {"width": 156, "top": 320, "height": 298, "left": 274}}, {"photo": 18309, "product": 10299, "bbox": {"width": 261, "top": 660, "height": 227, "left": 67}}, {"photo": 10454, "product": 3919, "bbox": {"width": 296, "top": 252, "height": 388, "left": 24}}, {"photo": 330107, "product": 4720, "bbox": {"width": 440, "top": 952, "height": 572, "left": 1759}}, {"photo": 12696, "product": 6909, "bbox": {"width": 611, "top": 685, "height": 1749, "left": 798}}, {"photo": 4890, "product": 2579, "bbox": {"width": 120, "top": 515, "height": 84, "left": 160}}, {"photo": 12151, "product": 7834, "bbox": {"width": 166, "top": 662, "height": 255, "left": 193}}, {"photo": 10032, "product": 9043, "bbox": {"width": 450, "top": 1465, "height": 885, "left": 1180}}, {"photo": 3238, "product": 3426, "bbox": {"width": 470, "top": 1180, "height": 405, "left": 940}}, {"photo": 14286, "product": 51, "bbox": {"width": 164, "top": 935, "height": 369, "left": 700}}, {"photo": 10499, "product": 7276, "bbox": {"width": 152, "top": 466, "height": 434, "left": 184}}, {"photo": 5121, "product": 8876, "bbox": {"width": 145, "top": 576, "height": 216, "left": 189}}, {"photo": 10872, "product": 51, "bbox": {"width": 222, "top": 1371, "height": 314, "left": 1101}}, {"photo": 11538, "product": 3568, "bbox": {"width": 105, "top": 325, "height": 114, "left": 195}}, {"photo": 98459, "product": 9867, "bbox": {"width": 107, "top": 921, "height": 333, "left": 106}}, {"photo": 329842, "product": 8905, "bbox": {"width": 716, "top": 2550, "height": 851, "left": 1520}}, {"photo": 7889, "product": 8523, "bbox": {"width": 68, "top": 118, "height": 261, "left": 133}}, {"photo": 7486, "product": 2579, "bbox": {"width": 449, "top": 781, "height": 1370, "left": 1334}}, {"photo": 15342, "product": 10798, "bbox": {"width": 68, "top": 117, "height": 259, "left": 108}}, {"photo": 7440, "product": 1259, "bbox": {"width": 528, "top": 2980, "height": 1728, "left": 2315}}, {"photo": 4770, "product": 10541, "bbox": {"width": 335, "top": 792, "height": 243, "left": 292}}, {"photo": 2991, "product": 9388, "bbox": {"width": 437, "top": 2493, "height": 667, "left": 2312}}, {"photo": 5522, "product": 51, "bbox": {"width": 72, "top": 1124, "height": 220, "left": 412}}, {"photo": 18704, "product": 4519, "bbox": {"width": 433, "top": 1333, "height": 581, "left": 364}}, {"photo": 697, "product": 4975, "bbox": {"width": 696, "top": 1474, "height": 809, "left": 383}}, {"photo": 17799, "product": 10680, "bbox": {"width": 246, "top": 660, "height": 220, "left": 308}}, {"photo": 4078, "product": 2579, "bbox": {"width": 147, "top": 195, "height": 176, "left": 19}}, {"photo": 2551, "product": 6340, "bbox": {"width": 218, "top": 230, "height": 506, "left": 103}}, {"photo": 9488, "product": 7464, "bbox": {"width": 1810, "top": 4750, "height": 1090, "left": 2140}}, {"photo": 10947, "product": 7493, "bbox": {"width": 211, "top": 359, "height": 169, "left": 83}}, {"photo": 12086, "product": 2509, "bbox": {"width": 54, "top": 316, "height": 129, "left": 154}}, {"photo": 7068, "product": 9136, "bbox": {"width": 111, "top": 365, "height": 221, "left": 173}}, {"photo": 13432, "product": 9766, "bbox": {"width": 148, "top": 542, "height": 249, "left": 357}}, {"photo": 11346, "product": 4940, "bbox": {"width": 281, "top": 762, "height": 1337, "left": 515}}, {"photo": 13281, "product": 9967, "bbox": {"width": 426, "top": 1757, "height": 640, "left": 1392}}, {"photo": 3178, "product": 7135, "bbox": {"width": 75, "top": 342, "height": 52, "left": 171}}, {"photo": 10036, "product": 3932, "bbox": {"width": 525, "top": 1450, "height": 740, "left": 1200}}, {"photo": 1858, "product": 6792, "bbox": {"width": 118, "top": 134, "height": 239, "left": 71}}, {"photo": 3489, "product": 4168, "bbox": {"width": 338, "top": 491, "height": 835, "left": 1245}}, {"photo": 7176, "product": 10386, "bbox": {"width": 395, "top": 1100, "height": 720, "left": 160}}, {"photo": 7316, "product": 3006, "bbox": {"width": 595, "top": 545, "height": 1045, "left": 835}}, {"photo": 15924, "product": 7268, "bbox": {"width": 449, "top": 681, "height": 1050, "left": 1369}}, {"photo": 2423, "product": 4874, "bbox": {"width": 72, "top": 360, "height": 83, "left": 158}}, {"photo": 1990, "product": 1259, "bbox": {"width": 69, "top": 350, "height": 108, "left": 108}}, {"photo": 7903, "product": 2779, "bbox": {"width": 908, "top": 2393, "height": 804, "left": 1114}}, {"photo": 5394, "product": 1265, "bbox": {"width": 236, "top": 231, "height": 409, "left": 61}}, {"photo": 10613, "product": 995, "bbox": {"width": 168, "top": 547, "height": 180, "left": 373}}, {"photo": 6676, "product": 2519, "bbox": {"width": 163, "top": 366, "height": 260, "left": 191}}, {"photo": 14364, "product": 8198, "bbox": {"width": 735, "top": 943, "height": 1844, "left": 705}}, {"photo": 12301, "product": 250, "bbox": {"width": 69, "top": 342, "height": 84, "left": 323}}, {"photo": 16219, "product": 2518, "bbox": {"width": 320, "top": 608, "height": 293, "left": 302}}, {"photo": 8901, "product": 4874, "bbox": {"width": 140, "top": 237, "height": 132, "left": 291}}, {"photo": 174, "product": 2981, "bbox": {"width": 124, "top": 217, "height": 583, "left": 223}}, {"photo": 7081, "product": 3832, "bbox": {"width": 207, "top": 2146, "height": 351, "left": 2078}}, {"photo": 98488, "product": 6485, "bbox": {"width": 426, "top": 1282, "height": 921, "left": 804}}, {"photo": 3957, "product": 658, "bbox": {"width": 666, "top": 2859, "height": 631, "left": 1028}}, {"photo": 10945, "product": 7493, "bbox": {"width": 151, "top": 371, "height": 176, "left": 13}}, {"photo": 16232, "product": 10805, "bbox": {"width": 185, "top": 296, "height": 619, "left": 543}}, {"photo": 5971, "product": 1259, "bbox": {"width": 455, "top": 1795, "height": 543, "left": 1369}}, {"photo": 10593, "product": 1651, "bbox": {"width": 127, "top": 99, "height": 264, "left": 64}}, {"photo": 8984, "product": 3264, "bbox": {"width": 505, "top": 1800, "height": 605, "left": 905}}, {"photo": 17898, "product": 133, "bbox": {"width": 600, "top": 1445, "height": 490, "left": 670}}, {"photo": 363660, "product": 10503, "bbox": {"width": 350, "top": 897, "height": 974, "left": 967}}, {"photo": 8978, "product": 6340, "bbox": {"width": 136, "top": 246, "height": 568, "left": 175}}, {"photo": 534, "product": 2579, "bbox": {"width": 427, "top": 691, "height": 1688, "left": 1289}}, {"photo": 1565, "product": 5158, "bbox": {"width": 143, "top": 510, "height": 117, "left": 50}}, {"photo": 11930, "product": 2054, "bbox": {"width": 625, "top": 1460, "height": 750, "left": 520}}, {"photo": 15581, "product": 7147, "bbox": {"width": 261, "top": 667, "height": 242, "left": 380}}, {"photo": 8860, "product": 10541, "bbox": {"width": 167, "top": 105, "height": 313, "left": 124}}, {"photo": 4254, "product": 7322, "bbox": {"width": 294, "top": 612, "height": 335, "left": 397}}, {"photo": 7181, "product": 9661, "bbox": {"width": 565, "top": 735, "height": 1045, "left": 570}}, {"photo": 7954, "product": 7697, "bbox": {"width": 1262, "top": 2972, "height": 1279, "left": 1874}}, {"photo": 4466, "product": 10384, "bbox": {"width": 232, "top": 443, "height": 714, "left": 184}}, {"photo": 10906, "product": 3804, "bbox": {"width": 43, "top": 334, "height": 117, "left": 293}}, {"photo": 1492, "product": 6429, "bbox": {"width": 102, "top": 205, "height": 146, "left": 104}}, {"photo": 10586, "product": 781, "bbox": {"width": 142, "top": 299, "height": 503, "left": 269}}, {"photo": 13400, "product": 4015, "bbox": {"width": 125, "top": 1080, "height": 785, "left": 675}}, {"photo": 13262, "product": 2579, "bbox": {"width": 179, "top": 861, "height": 440, "left": 226}}, {"photo": 10454, "product": 10227, "bbox": {"width": 284, "top": 288, "height": 318, "left": 504}}, {"photo": 11008, "product": 7493, "bbox": {"width": 191, "top": 332, "height": 181, "left": 22}}, {"photo": 386, "product": 10659, "bbox": {"width": 830, "top": 2105, "height": 710, "left": 285}}, {"photo": 17742, "product": 7464, "bbox": {"width": 610, "top": 812, "height": 1701, "left": 963}}, {"photo": 5612, "product": 4826, "bbox": {"width": 110, "top": 1400, "height": 330, "left": 1295}}, {"photo": 11409, "product": 781, "bbox": {"width": 305, "top": 641, "height": 326, "left": 134}}, {"photo": 3650, "product": 10700, "bbox": {"width": 645, "top": 1005, "height": 210, "left": 780}}, {"photo": 1063, "product": 6973, "bbox": {"width": 906, "top": 3023, "height": 1070, "left": 1577}}, {"photo": 5994, "product": 8198, "bbox": {"width": 96, "top": 148, "height": 142, "left": 13}}, {"photo": 5510, "product": 3941, "bbox": {"width": 58, "top": 283, "height": 83, "left": 238}}, {"photo": 9565, "product": 3941, "bbox": {"width": 471, "top": 411, "height": 878, "left": 896}}, {"photo": 98459, "product": 9867, "bbox": {"width": 600, "top": 958, "height": 516, "left": 903}}, {"photo": 12013, "product": 10221, "bbox": {"width": 283.0, "top": 743.0, "height": 232.0, "left": 437.0}}, {"photo": 10694, "product": 6482, "bbox": {"width": 118, "top": 101, "height": 155, "left": 72}}, {"photo": 18856, "product": 10423, "bbox": {"width": 125, "top": 252, "height": 282, "left": 492}}, {"photo": 684, "product": 6092, "bbox": {"width": 203, "top": 641, "height": 170, "left": 282}}, {"photo": 9167, "product": 3462, "bbox": {"width": 510, "top": 870, "height": 960, "left": 695}}, {"photo": 18127, "product": 521, "bbox": {"width": 37, "top": 317, "height": 261, "left": 199}}, {"photo": 15857, "product": 7738, "bbox": {"width": 274, "top": 276, "height": 420, "left": 78}}, {"photo": 8089, "product": 4168, "bbox": {"width": 119, "top": 579, "height": 201, "left": 398}}, {"photo": 3248, "product": 4874, "bbox": {"width": 886, "top": 775, "height": 1638, "left": 775}}, {"photo": 9128, "product": 8198, "bbox": {"width": 455, "top": 1865, "height": 455, "left": 1072}}, {"photo": 7484, "product": 7977, "bbox": {"width": 193, "top": 384, "height": 408, "left": 1416}}, {"photo": 11849, "product": 7274, "bbox": {"width": 80, "top": 111, "height": 209, "left": 452}}, {"photo": 4679, "product": 1556, "bbox": {"width": 358, "top": 2554, "height": 667, "left": 1320}}, {"photo": 11208, "product": 9079, "bbox": {"width": 368, "top": 272, "height": 683, "left": 495}}, {"photo": 15498, "product": 9967, "bbox": {"width": 107, "top": 130, "height": 260, "left": 264}}, {"photo": 2382, "product": 4874, "bbox": {"width": 167, "top": 333, "height": 351, "left": 265}}, {"photo": 11426, "product": 7464, "bbox": {"width": 964, "top": 624, "height": 1626, "left": 383}}]